system_time, gps_time, latitude, longitude, err_major, err_semi_major, error_semi_minor, altitude, err_altitude, move_direction_horizontal, err_move_direction_horizontal, move_speed_horizontal, error_move_speed_horizontal, hdop, 
621702113410922, 0, 0, 0, 0, 0, 0, 0, 0, 0, 0, 0, 0, 0
621702114414927, 621702117.2, 50.3646941666667, 7.57159433333333, 27, 67, 11, 114.8, 11, nan, nan, 0.037554444412, nan, 2.58
621702115417517, 621702118.1, 50.364693, 7.571596, 28, 23, 9, 115.6, 7.4, nan, nan, 0.037554444412, nan, 2.58
621702116420096, 621702119, 50.3646918333333, 7.571595, 29, 17, 7.6, 116.3, 6.2, nan, nan, 0.037554444412, nan, 2.58
621702117421462, 621702120.1, 50.3646906666667, 7.57159166666667, 29, 14, 6.5, 116.2, 5.5, nan, nan, 0.037554444412, nan, 2.58
621702118422862, 621702120.9, 50.3646915, 7.57158933333333, 28, 13, 5.7, 115.8, 4.7, nan, nan, 0.021092222204, nan, 2.58
621702119424221, 621702121.6, 50.3646925, 7.57158883333333, 28, 12, 5.2, 115.7, 4.2, nan, nan, 0.02314999998, nan, 2.58
621702120425546, 621702123, 50.3646946666667, 7.57158833333333, 29, 9.3, 4.2, 115.6, 3.3, nan, nan, 0.02314999998, nan, 2.58
621702121427871, 621702123.9, 50.3646961666667, 7.57158866666667, 29, 8.4, 3.8, 115.7, 3, nan, nan, 0.005658888884, nan, 2.58
621702122429518, 621702124.8, 50.3646983333333, 7.57158933333333, 29, 7.7, 3.6, 115.8, 2.8, nan, nan, 0.010803333324, nan, 2.58
621702123443271, 621702125.8, 50.3647005, 7.5715885, 28, 7.2, 3.2, 115.7, 2.5, nan, nan, 0.010803333324, nan, 2.43
621702124444590, 621702127, 50.3647031666667, 7.571589, 27, 6.6, 2.9, 115.7, 2.3, nan, nan, 0.010803333324, nan, 2.43
621702125445889, 621702127.8, 50.3647043333333, 7.5715895, 27, 6.4, 2.8, 115.8, 2.2, nan, nan, 0.066363333276, nan, 2.43
621702126447233, 621702128.3, 50.3647051666667, 7.57158983333333, 27, 6.2, 2.7, 115.8, 2.1, nan, nan, 0.066363333276, nan, 2.43
621702127448665, 621702130.1, 50.3647133333333, 7.57159666666667, 26, 5.4, 2.4, 116.7, 1.8, nan, nan, 0.04887222218, nan, 1.57
621702128451873, 621702131.1, 50.3647143333333, 7.57159633333333, 27, 4.8, 2.2, 116.6, 1.8, nan, nan, 0.04887222218, nan, 1.39
621702129453145, 621702132.3, 50.364716, 7.57159633333333, 30, 4.2, 2.1, 116.5, 1.7, nan, nan, 0.04887222218, nan, 1.39
621702130454489, 621702133.2, 50.364718, 7.571597, 33, 3.8, 2.1, 116.5, 1.7, nan, nan, 0.02314999998, nan, 1.39
621702131456024, 621702134, 50.3647198333333, 7.57159766666667, 36, 3.5, 2, 116.5, 1.7, nan, nan, 0.02314999998, nan, 1.36
621702132457831, 621702134.7, 50.3647196666667, 7.5715975, 36, 3.4, 2, 116.5, 1.6, nan, nan, 0.02314999998, nan, 1.36
621702133459516, 621702135.6, 50.3647195, 7.57159733333333, 36, 3.3, 1.9, 116.5, 1.6, nan, nan, 0.016976666652, nan, 1.36
621702134461009, 621702136.3, 50.3647195, 7.57159733333333, 36, 3.3, 1.9, 116.6, 1.6, nan, nan, 0.016976666652, nan, 1.36
621702135462443, 621702137, 50.3647195, 7.57159733333333, 36, 3.2, 1.9, 116.6, 1.6, nan, nan, 0.016976666652, nan, 1.36
621702136463786, 621702138.2, 50.364722, 7.57159883333333, 36, 3.2, 1.9, 116.7, 1.6, nan, nan, 0.016976666652, nan, 1.36
621702137465168, 621702140.1, 50.3647256666667, 7.57160083333333, 36, 3.2, 1.9, 116.9, 1.6, nan, nan, 0.016976666652, nan, 1.36
621702138466513, 621702140.9, 50.3647271666667, 7.57160133333333, 46, 2.8, 1.8, 116.9, 1.5, nan, nan, 0.038068888856, nan, 1.36
621702139468230, 621702142.2, 50.3647276666667, 7.57160166666667, 47, 2.7, 1.8, 117, 1.5, nan, nan, 0.047843333292, nan, 1.36
621702140469724, 621702143.3, 50.3647276666667, 7.571602, 47, 2.7, 1.8, 117, 1.5, nan, nan, 0.047843333292, nan, 1.36
621702141471474, 621702144.1, 50.3647275, 7.5716015, 47, 2.7, 1.8, 117.1, 1.5, nan, nan, 0.03086666664, nan, 1.36
621702142473029, 621702144.9, 50.3647271666667, 7.571601, 48, 2.6, 1.8, 117.1, 1.5, nan, nan, 0.03086666664, nan, 1.36
621702143474625, 621702146.1, 50.3647268333333, 7.57160083333333, 52, 2.6, 1.7, 117.2, 1.5, nan, nan, 0.03086666664, nan, 1.36
621702144476261, 621702146.8, 50.3647263333333, 7.57160083333333, 54, 2.5, 1.7, 117.3, 1.5, nan, nan, 0.03086666664, nan, 1.36
621702145478297, 621702147.8, 50.3647255, 7.5716005, 56, 2.5, 1.7, 117.5, 1.5, nan, nan, 0.061218888836, nan, 1.36
621702146480090, 621702148.7, 50.3647243333333, 7.5716, 58, 2.5, 1.7, 117.6, 1.5, nan, nan, 0.061218888836, nan, 1.36
621702147481655, 621702150.2, 50.3647226666667, 7.571599, 61, 2.5, 1.6, 117.7, 1.5, nan, nan, 0.061218888836, nan, 1.36
621702148483204, 621702151, 50.3647216666667, 7.57159833333333, 63, 2.5, 1.6, 117.8, 1.5, nan, nan, 0.061218888836, nan, 1.36
621702149484521, 621702152.2, 50.3647205, 7.5715975, 64, 2.5, 1.6, 117.8, 1.5, nan, nan, 0.004115555552, nan, 1.36
621702150485783, 621702152.9, 50.3647196666667, 7.57159716666667, 65, 2.5, 1.6, 117.9, 1.5, nan, nan, 0.02829444442, nan, 1.36
621702151487120, 621702153.7, 50.3647186666667, 7.5715965, 66, 2.5, 1.6, 117.9, 1.5, nan, nan, 0.078709999932, nan, 1.36
621702152488432, 621702154.4, 50.3647168333333, 7.57159666666667, 65, 2.4, 1.6, 118.1, 1.5, nan, nan, 0.078709999932, nan, 1.36
621702153489763, 621702155.6, 50.3647136666667, 7.571594, 63, 2.3, 1.6, 119.6, 1.4, nan, nan, 0.253106666448, nan, 1.36
621702154491181, 621702157.3, 50.3647111666667, 7.57159316666667, 62, 2.3, 1.5, 120.5, 1.3, nan, nan, 0.057103333284, nan, 1.55
621702155492773, 621702157.9, 50.3647105, 7.571593, 64, 2.3, 1.5, 120.6, 1.3, nan, nan, 0.050415555512, nan, 1.55
621702156494425, 621702159.3, 50.3647093333333, 7.57159483333333, 64, 2.3, 1.5, 120.7, 1.3, nan, nan, 0.042184444408, nan, 1.36
621702157495845, 621702160.2, 50.3647096666667, 7.57159266666667, 56, 2.3, 1.6, 120.7, 1.2, nan, nan, 0.042184444408, nan, 1.55
621702158497428, 621702160.8, 50.3647113333333, 7.571592, 51, 2.3, 1.6, 121, 1.2, nan, nan, 0.042184444408, nan, 1.36
621702159498825, 621702161.8, 50.3647113333333, 7.57159133333333, 51, 2.3, 1.6, 121.2, 1.2, nan, nan, 0.042184444408, nan, 1.36
621702160500073, 621702162.5, 50.364712, 7.57159116666667, 51, 2.3, 1.6, 121.3, 1.2, nan, nan, 0.034467777748, nan, 1.36
621702161501478, 621702163.4, 50.3647121666667, 7.57159133333333, 51, 2.2, 1.6, 121.4, 1.2, nan, nan, 0.062762222168, nan, 1.36
621702162502795, 621702163.6, 50.3647121666667, 7.5715915, 52, 2.2, 1.5, 121.4, 1.1, nan, nan, 0.062762222168, nan, 1.36
621702163504044, 621702165.5, 50.364713, 7.571592, 53, 2.2, 1.5, 121.4, 1.1, nan, nan, 0.02057777776, nan, 1.36
621702164505650, 621702166.6, 50.3647116666667, 7.57159133333333, 52, 2.2, 1.5, 121.6, 1.1, nan, nan, 0.02057777776, nan, 1.36
621702165507115, 621702167.7, 50.3647111666667, 7.57159133333333, 54, 2.1, 1.5, 121.9, 1.1, nan, nan, 0.02057777776, nan, 1.36
621702166508551, 621702168.7, 50.3647123333333, 7.57159216666667, 53, 2.1, 1.5, 122, 1.1, nan, nan, 0.02057777776, nan, 1.36
621702167510189, 621702169.9, 50.3647126666667, 7.57159133333333, 53, 2.1, 1.5, 121.9, 1.1, nan, nan, 0.02829444442, nan, 1.36
621702168512841, 621702170.8, 50.3647126666667, 7.5715915, 55, 2.1, 1.6, 122, 1.1, nan, nan, 0.02829444442, nan, 1.37
621702169514295, 621702171.9, 50.3647121666667, 7.57159116666667, 58, 2.1, 1.6, 122.1, 1, nan, nan, 0.02829444442, nan, 1.36
621702170515946, 621702172.8, 50.3647113333333, 7.57159, 61, 2.1, 1.6, 122.1, 1, nan, nan, 0.034467777748, nan, 1.36
621702171517306, 621702174.1, 50.364711, 7.57158833333333, 63, 2, 1.6, 122, 1, nan, nan, 0.044242222184, nan, 1.36
621702172520380, 621702175.1, 50.3647106666667, 7.57158733333333, 65, 2, 1.6, 122, 1, nan, nan, 0.044242222184, nan, 1.36
621702173522055, 621702176.3, 50.3647098333333, 7.57158666666667, 66, 2, 1.6, 122, 1, nan, nan, 0.044756666628, nan, 1.36
621702174523799, 621702177.2, 50.3647098333333, 7.57158666666667, 65, 2, 1.7, 122.1, 1, nan, nan, 0.044756666628, nan, 1.36
621702175525419, 621702178, 50.36471, 7.5715865, 65, 2, 1.7, 122.1, 1, nan, nan, 0.044756666628, nan, 1.75
621702176526782, 621702179.1, 50.3647101666667, 7.571587, 64, 2, 1.7, 122.1, 1, nan, nan, 0.044756666628, nan, 1.75
621702177528105, 621702180, 50.3647103333333, 7.57158716666667, 65, 2, 1.8, 122.1, 1, nan, nan, 0.02057777776, nan, 1.53
621702178529437, 621702181, 50.3647103333333, 7.57158733333333, 64, 2, 1.8, 122.1, 1, nan, nan, 0.02057777776, nan, 1.53
621702179531007, 621702181.8, 50.36471, 7.57158766666667, 63, 2, 1.8, 122.1, 1, nan, nan, 0.02057777776, nan, 1.53
621702180532280, 621702183.1, 50.3647106666667, 7.571588, 65, 2.1, 1.8, 122.2, 1, nan, nan, 0.02057777776, nan, 1.25
621702181533797, 621702184, 50.3647111666667, 7.57158816666667, 66, 2.1, 1.8, 122.1, 1, nan, nan, 0.075623333268, nan, 1.25
621702182535387, 621702184.8, 50.364712, 7.571588, 68, 2.1, 1.9, 122.1, 1, nan, nan, 0.075623333268, nan, 1.25
621702183536919, 621702185.6, 50.3647126666667, 7.57158833333333, 69, 2.1, 1.9, 122.1, 1, nan, nan, 0.026751111088, nan, 1.25
621702184538428, 621702186.5, 50.3647128333333, 7.57158833333333, 70, 2.1, 1.9, 122, 1, nan, nan, 0.021092222204, nan, 1.25
621702185539993, 621702187.3, 50.3647128333333, 7.57158866666667, 70, 2.1, 1.9, 122, 1, nan, nan, 0.029837777752, nan, 1.25
621702186541544, 621702188.1, 50.3647131666667, 7.57158866666667, 70, 2.1, 1.9, 122.1, 1, nan, nan, 0.040641111076, nan, 1.25
621702187542819, 621702189.4, 50.364716, 7.57158633333333, 73, 2.1, 1.9, 121.7, 1, nan, nan, 0.139414444324, nan, 1.25
621702188544096, 621702190.6, 50.3647206666667, 7.57158033333333, 85, 2, 1.8, 121.3, 1, nan, nan, 0.073051111048, nan, 1.25
621702189545355, 621702191.4, 50.3647228333333, 7.57157883333333, 86, 2, 1.8, 121.1, 1, nan, nan, 0.073051111048, nan, 1.25
621702190546620, 621702192.2, 50.3647238333333, 7.57157833333333, 86, 2, 1.8, 120.9, 1, nan, nan, 0.073051111048, nan, 1.25
621702191547939, 621702192.8, 50.3647253333333, 7.571577, 86, 2, 1.8, 120.7, 1, nan, nan, 0.0900277777, nan, 1.25
621702192549251, 621702193.9, 50.3647271666667, 7.57157533333333, 88, 2, 1.7, 120.5, 1, nan, nan, 0.057103333284, nan, 1.25
621702193550579, 621702193.9, 50.3647271666667, 7.57157533333333, 88, 2, 1.7, 120.5, 1, nan, nan, 0.057103333284, nan, 1.25
621702194552854, 621702196.5, 50.3647331666667, 7.57157066666667, 88, 2, 1.6, 120, 0.96, nan, nan, 0.068935555496, nan, 1.25
621702195554268, 621702196.9, 50.3647336666667, 7.5715705, 88, 2, 1.6, 120, 0.95, nan, nan, 0.068935555496, nan, 1.25
621702196555551, 621702198.1, 50.3647343333333, 7.57156816666667, 88, 2, 1.6, 119.9, 0.95, nan, nan, 0.009259999992, nan, 1.25
621702197556993, 621702199.4, 50.3647345, 7.5715685, 89, 2, 1.6, 119.9, 0.94, nan, nan, 0.086941111036, nan, 1.25
621702198558480, 621702200.2, 50.3647346666667, 7.57156916666667, 89, 2, 1.6, 119.9, 0.96, nan, nan, 0.046814444404, nan, 1.25
621702199559846, 621702201.4, 50.3647348333333, 7.5715695, 89, 2.1, 1.6, 119.9, 0.96, nan, nan, 0.037039999968, nan, 1.38
621702200561378, 621702201.4, 50.3647348333333, 7.5715695, 89, 2.1, 1.6, 119.9, 0.96, nan, nan, 0.037039999968, nan, 1.38
621702201562791, 621702201.4, 50.3647348333333, 7.5715695, 89, 2.1, 1.6, 119.9, 0.96, nan, nan, 0.037039999968, nan, 1.38
621702202602353, 621702204.2, 50.3647321666667, 7.57156433333333, 95, 2.1, 1.6, 119.9, 0.98, nan, nan, 0.057103333284, nan, 1.38
621702203603987, 621702204.4, 50.364732, 7.571564, 95, 2.1, 1.6, 120, 0.98, nan, nan, 0.024178888868, nan, 1.04
621702204605735, 621702206.2, 50.3647278333333, 7.5715625, 96, 2.1, 1.5, 120.3, 0.97, nan, nan, 0.049386666624, nan, 1.04
621702205607466, 621702206.8, 50.3647266666667, 7.57156233333333, 96, 2.1, 1.5, 120.4, 0.96, nan, nan, 0.087969999924, nan, 1.04
621702206608991, 621702208.1, 50.3647248333333, 7.57156183333333, 96, 2.1, 1.5, 120.4, 0.96, nan, nan, 0.084368888816, nan, 1.04
621702207610413, 621702208.1, 50.3647248333333, 7.57156183333333, 96, 2.1, 1.5, 120.4, 0.96, nan, nan, 0.084368888816, nan, 1.04
621702208612377, 621702208.1, 50.3647248333333, 7.57156183333333, 96, 2.1, 1.5, 120.4, 0.96, nan, nan, 0.084368888816, nan, 1.04
621702209613945, 621702208.1, 50.3647248333333, 7.57156183333333, 96, 2.1, 1.5, 120.4, 0.96, nan, nan, 0.084368888816, nan, 1.04
621702210615631, 621702208.1, 50.3647248333333, 7.57156183333333, 96, 2.1, 1.5, 120.4, 0.96, nan, nan, 0.084368888816, nan, 1.04
621702211617219, 621702214.3, 50.3647211666667, 7.57156383333333, 98, 1.9, 1.3, 121.1, 0.91, nan, nan, 0.120379999896, nan, 1.06
621702212618862, 621702214.8, 50.364721, 7.57156466666667, 98, 1.9, 1.3, 121.1, 0.91, nan, nan, 0.120379999896, nan, 1.06
621702213620277, 621702215.6, 50.3647203333333, 7.57156683333333, 97, 1.8, 1.3, 121.2, 0.9, nan, nan, 0.120379999896, nan, 1.06
621702214621674, 621702216.2, 50.36472, 7.57156833333333, 97, 1.8, 1.3, 121.2, 0.89, nan, nan, 0.120379999896, nan, 1.06
621702215622976, 621702217.6, 50.3647218333333, 7.571575, 97, 1.8, 1.3, 121.3, 0.89, 57.59, nan, 0.490779999576, nan, 1.17
621702216624263, 621702217.8, 50.3647226666667, 7.57157583333333, 96, 1.8, 1.2, 121.3, 0.88, 57.59, nan, 0.490779999576, nan, 1.17
621702217625631, 621702220.3, 50.3647318333333, 7.57160133333333, 90, 1.3, 1.2, 120.9, 0.74, 75.79, nan, 0.975386665824, nan, 1.04
621702218627172, 621702221, 50.3647341666667, 7.57160866666667, 83, 1.2, 1.1, 121.2, 0.72, 75.79, nan, 0.975386665824, nan, 1.04
621702219628718, 621702221.7, 50.3647346666667, 7.571615, 75, 1.2, 1.1, 121.1, 0.72, 75.79, nan, 0.975386665824, nan, 1.06
621702220631939, 621702222.3, 50.3647348333333, 7.57161616666667, 69, 1.2, 1.1, 121.1, 0.72, 75.79, nan, 0.975386665824, nan, 1.06
621702221633522, 621702223.7, 50.3647351666667, 7.57161616666667, 64, 1.2, 1.1, 121, 0.72, 75.79, nan, 0.042698888852, nan, 1.04
621702222634995, 621702224.4, 50.364735, 7.57161566666667, 59, 1.2, 1.1, 121, 0.72, 75.79, nan, 0.047328888848, nan, 1.01
621702223668356, 621702225, 50.3647346666667, 7.571615, 52, 1.2, 1.1, 120.9, 0.72, 75.79, nan, 0.089513333256, nan, 1.01
621702224669846, 621702227.4, 50.3647315, 7.571621, 35, 1.2, 1, 120.8, 0.71, 83.79, nan, 0.222239999808, nan, 1.02
621702225671471, 621702227.8, 50.3647291666667, 7.57162433333333, 36, 1.2, 1, 121.2, 0.71, 83.79, nan, 0.222239999808, nan, 1.01
621702226673336, 621702228.3, 50.3647265, 7.57162783333333, 34, 1.2, 1, 121.3, 0.71, 83.79, nan, 0.222239999808, nan, 1.01
621702227674881, 621702230.2, 50.3647183333333, 7.57164133333333, 32, 1.2, 0.98, 121.3, 0.71, 83.79, nan, 0.222239999808, nan, 1.01
621702228676674, 621702231, 50.364715, 7.571648, 31, 1.2, 0.96, 121.5, 0.7, 139.63, nan, 0.70221666606, nan, 1.04
621702229679644, 621702231.8, 50.364713, 7.57165066666667, 30, 1.2, 0.96, 121.5, 0.7, 134.05, nan, 0.475346666256, nan, 0.97
621702230708388, 621702233.1, 50.3647071666667, 7.57166566666667, 27, 1.2, 0.96, 121.5, 0.71, 123.97, nan, 1.05975555464, nan, 0.94
621702231710021, 621702233.9, 50.364705, 7.5716775, 27, 1.2, 0.97, 121.7, 0.72, 123.97, nan, 1.05975555464, nan, 0.94
621702232711951, 621702234.8, 50.3647025, 7.5716915, 26, 1.2, 0.98, 121.6, 0.72, 123.97, nan, 1.05975555464, nan, 1.03
621702233713403, 621702235.6, 50.3647016666667, 7.57170683333333, 25, 1.1, 0.98, 121.7, 0.72, 123.97, nan, 1.05975555464, nan, 0.97
621702234714923, 621702237.1, 50.364699, 7.57174716666667, 27, 1.1, 0.98, 121.7, 0.72, 123.97, nan, 1.05975555464, nan, 0.94
621702235716555, 621702237.8, 50.3646931666667, 7.57176983333333, 27, 1.1, 0.98, 121.6, 0.71, 110.34, nan, 2.503801108948, nan, 0.95
621702236718194, 621702239, 50.3646811666667, 7.57180883333333, 26, 1.1, 0.98, 121.5, 0.72, 117.22, nan, 2.631897775504, nan, 0.95
621702237719465, 621702239.9, 50.3646681666667, 7.57183616666667, 25, 1.1, 0.98, 121.4, 0.72, 118.03, nan, 2.679226664352, nan, 1.01
621702238720977, 621702241, 50.3646496666667, 7.57186633333333, 22, 1.1, 0.99, 121.2, 0.72, 135.1, nan, 2.83973333088, nan, 0.97
621702239722544, 621702242.3, 50.3646258333333, 7.57190066666667, 16, 1.1, 1, 121.1, 0.72, 135.1, nan, 2.83973333088, nan, 0.99
621702240724265, 621702243.1, 50.3646146666667, 7.5719265, 15, 1.1, 1, 121.1, 0.73, 135.1, nan, 2.83973333088, nan, 1.08
621702241725620, 621702243.9, 50.364608, 7.57195583333333, 14, 1.1, 1, 121.1, 0.73, 135.1, nan, 2.83973333088, nan, 1.22
621702242726926, 621702244.6, 50.3646081666667, 7.57198466666667, 14, 1.1, 1, 121.1, 0.74, 100.56, nan, 2.948281108564, nan, 1.22
621702243738509, 621702245.7, 50.3646121666667, 7.5720345, 16, 1.1, 1, 121.4, 0.76, 80.32, nan, 3.388645552628, nan, 1.26
621702244741624, 621702246.5, 50.3646183333333, 7.572073, 16, 1.1, 1, 121.3, 0.78, 76.85, nan, 3.47764444144, nan, 1.24
621702245743260, 621702247.5, 50.364629, 7.5721235, 15, 1.2, 1, 121.3, 0.8, 70.38, nan, 3.90463332996, nan, 1.4
621702246744564, 621702249.5, 50.3646421666667, 7.57222216666667, 13, 1.3, 0.95, 121.2, 0.86, 90.51, nan, 3.124735552856, nan, 1.24
621702247745786, 621702250.4, 50.3646485, 7.57225616666667, 11, 1.3, 0.96, 121.2, 0.9, 77.85, nan, 2.8937499975, nan, 1.24
621702248747286, 621702251.4, 50.3646646666667, 7.57228016666667, 12, 1.4, 0.97, 121.2, 0.96, 46.38, nan, 2.521292220044, nan, 1.24
621702249748867, 621702252.4, 50.3646835, 7.57228266666667, 10, 1.4, 0.98, 121, 1.1, 46.38, nan, 2.521292220044, nan, 0.99
621702250750384, 621702253.1, 50.364692, 7.57227183333333, 8.89999999999998, 1.5, 0.99, 120.8, 1.1, 330.49, nan, 1.917334442788, nan, 1.08
621702251751904, 621702254.1, 50.3646926666667, 7.57224883333333, 6.69999999999999, 1.5, 0.97, 120.7, 1.2, 330.49, nan, 1.917334442788, nan, 1.06
621702252753346, 621702254.9, 50.3646898333333, 7.57223233333333, 6, 1.5, 0.95, 120.1, 1.2, 330.49, nan, 1.917334442788, nan, 1.06
621702253754581, 621702255.4, 50.3646863333333, 7.5722195, 5.30000000000001, 1.5, 0.95, 119.8, 1.2, 252.74, nan, 1.786151109568, nan, 1.06
621702254755768, 621702256.5, 50.3646725, 7.5721885, 4.19999999999999, 1.5, 0.95, 120.3, 1.2, 232.78, nan, 2.63395555328, nan, 0.97
621702255757085, 621702256.5, 50.3646725, 7.5721885, 4.19999999999999, 1.5, 0.95, 120.3, 1.2, 232.78, nan, 2.63395555328, nan, 0.97
621702256758323, 621702259.6, 50.3646253333333, 7.57205833333333, 7, 1.4, 0.88, 120.1, 1.1, 235.9, nan, 3.219907774996, nan, 1.21
621702257759524, 621702260.2, 50.3646191666667, 7.572027, 9.10000000000002, 1.3, 0.82, 120.2, 0.97, 254.76, nan, 3.783224441176, nan, 0.96
621702258760833, 621702260.8, 50.3646133333333, 7.57199566666667, 9.60000000000002, 1.3, 0.8, 120.2, 0.94, 254.02, nan, 3.849587774452, nan, 0.97
621702259762088, 621702262.2, 50.3646, 7.57195033333333, 11, 1.2, 0.77, 120.4, 0.88, 244.57, nan, 1.323665554412, nan, 0.97
621702260763284, 621702262.9, 50.3645998333333, 7.57194983333333, 11, 1.2, 0.76, 120.4, 0.85, 247.94, nan, 0.337989999708, nan, 0.97
621702261764635, 621702264.1, 50.364599, 7.57194883333333, 12, 1.2, 0.75, 120.4, 0.84, 247.94, nan, 0.337989999708, nan, 0.97
621702262765881, 621702264.8, 50.3645976666667, 7.57194633333333, 13, 1.2, 0.75, 120.3, 0.83, 247.94, nan, 0.188286666504, nan, 0.97
621702263767070, 621702266.2, 50.364591, 7.57193483333333, 13, 1.2, 0.75, 120.2, 0.83, 226.09, nan, 0.758291110456, nan, 1.23
621702264768400, 621702267.1, 50.3645851666667, 7.5719215, 14, 1.2, 0.74, 120.2, 0.84, 226.09, nan, 0.758291110456, nan, 1.11
621702265771417, 621702268.1, 50.3645781666667, 7.571904, 15, 1.2, 0.74, 120.2, 0.84, 238.48, nan, 1.542304443112, nan, 1.11
621702266778263, 621702269.2, 50.36457, 7.5718855, 16, 1.2, 0.73, 120.1, 0.84, 235.29, nan, 1.560309998652, nan, 1.12
621702267781018, 621702270.1, 50.3645638333333, 7.57187266666667, 16, 1.2, 0.73, 120, 0.83, 237.3, nan, 1.334468887736, nan, 1.11
621702268783794, 621702270.9, 50.3645593333333, 7.5718675, 16, 1.2, 0.72, 119.8, 0.84, 218.03, nan, 0.858607777036, nan, 1.14
621702269785124, 621702271.8, 50.3645568333333, 7.57186466666667, 16, 1.3, 0.73, 119.7, 0.84, 206.39, nan, 0.323585555276, nan, 1.11
621702270786531, 621702272.6, 50.3645571666667, 7.57186416666667, 16, 1.3, 0.74, 119.7, 0.84, 206.39, nan, 0.323585555276, nan, 1.11
621702271788049, 621702272.6, 50.3645571666667, 7.57186416666667, 16, 1.3, 0.74, 119.7, 0.84, 206.39, nan, 0.323585555276, nan, 1.11
621702272789372, 621702274.4, 50.3645435, 7.57186866666667, 16, 1.3, 0.75, 119.8, 0.85, 155.22, nan, 1.491374443156, nan, 1.41
621702273791161, 621702274.4, 50.3645435, 7.57186866666667, 16, 1.3, 0.75, 119.8, 0.85, 155.22, nan, 1.491374443156, nan, 1.41
621702274792956, 621702275.8, 50.3645375, 7.57189316666667, 15, 1.3, 0.75, 119.9, 0.86, 135.16, nan, 1.265018887796, nan, 1.3
621702275794661, 621702278.6, 50.3645745, 7.57195616666667, 12, 1.4, 0.79, 120.9, 0.95, 50.95, nan, 2.010448887152, nan, 1.43
621702276796403, 621702279.4, 50.3645905, 7.57198416666667, 12, 1.5, 0.79, 120.9, 0.97, 46.87, nan, 3.339258886004, nan, 1.14
621702277797961, 621702280.1, 50.3646055, 7.57201233333333, 12, 1.5, 0.78, 120.9, 0.98, 50.63, nan, 3.859876663332, nan, 1.14
621702278799357, 621702280.8, 50.3646205, 7.57204233333333, 12, 1.5, 0.78, 120.8, 0.99, 51.89, nan, 3.933442218824, nan, 1.16
621702279800820, 621702281.1, 50.3646271666667, 7.572056, 12, 1.5, 0.78, 120.8, 1, 51.89, nan, 3.933442218824, nan, 1.16
621702280802586, 621702282.1, 50.3646478333333, 7.57210216666667, 11, 1.5, 0.77, 120.8, 1, 51.89, nan, 3.933442218824, nan, 1.17
621702281803965, 621702283.1, 50.3646683333333, 7.57215, 11, 1.5, 0.77, 120.7, 1, 56.52, nan, 4.14642221864, nan, 0.86
621702282805189, 621702284.8, 50.364696, 7.57221716666667, 10, 1.3, 0.76, 120.4, 0.94, 60.65, nan, 2.855681108644, nan, 0.86
621702283806433, 621702286.3, 50.3646985, 7.57227033333333, 10, 1.3, 0.76, 120.3, 0.91, 60.65, nan, 2.855681108644, nan, 0.81
621702284807982, 621702287.4, 50.364683, 7.5722895, 12, 1.2, 0.79, 120.3, 0.91, 147.43, nan, 1.879779998376, nan, 0.81
621702285809957, 621702288.4, 50.3646706666667, 7.572283, 12, 1.3, 0.81, 120.1, 0.93, 161.21, nan, 1.572656665308, nan, 0.81
621702286813220, 621702289.6, 50.3646655, 7.57226033333333, 13, 1.3, 0.82, 119.9, 0.97, 161.21, nan, 1.572656665308, nan, 0.81
621702287815665, 621702290.5, 50.3646581666667, 7.57223366666667, 13, 1.3, 0.82, 119.7, 0.97, 250.92, nan, 2.067552220436, nan, 0.89
621702288816991, 621702291.2, 50.3646485, 7.57220833333333, 14, 1.2, 0.82, 119.7, 0.96, 250.92, nan, 2.067552220436, nan, 0.97
621702289818345, 621702292, 50.3646366666667, 7.572177, 16, 1.2, 0.81, 119.7, 0.96, 243.82, nan, 3.173093330592, nan, 0.84
621702290819605, 621702293.1, 50.3646216666667, 7.57213433333333, 17, 1.2, 0.81, 119.4, 0.93, 244.76, nan, 2.962171108552, nan, 0.83
621702291820950, 621702294, 50.3646085, 7.57209816666667, 17, 1.1, 0.82, 119.1, 0.91, 246.71, nan, 3.04551110848, nan, 0.82
621702292822244, 621702294.8, 50.3645951666667, 7.57206233333333, 18, 1.1, 0.82, 119, 0.89, 246.71, nan, 3.04551110848, nan, 0.82
621702293823540, 621702295.7, 50.3645833333333, 7.57202716666667, 19, 1.1, 0.81, 118.9, 0.87, 245.45, nan, 3.06866110846, nan, 0.86
621702294824825, 621702296.5, 50.3645758333333, 7.57200233333333, 20, 1.1, 0.81, 118.7, 0.87, 246.64, nan, 2.400397775704, nan, 0.83
621702295826327, 621702298.4, 50.3645663333333, 7.57198316666667, 22, 1, 0.79, 118.3, 0.85, 246.64, nan, 2.400397775704, nan, 0.82
621702296828968, 621702299.6, 50.3645645, 7.57198033333333, 23, 1, 0.77, 118.3, 0.84, 246.64, nan, 0.167708888744, nan, 0.84
621702297831560, 621702300.5, 50.3645616666667, 7.57197083333333, 23, 1, 0.76, 118.3, 0.83, 252.44, nan, 1.081362221288, nan, 1.04
621702298833212, 621702301.4, 50.3645588333333, 7.571956, 23, 1, 0.75, 118.3, 0.82, 255.67, nan, 1.259874443356, nan, 0.83
621702299834753, 621702302.3, 50.3645525, 7.57193816666667, 23, 0.98, 0.74, 118.4, 0.8, 255.67, nan, 1.259874443356, nan, 0.83
621702300836486, 621702302.9, 50.3645475, 7.57192466666667, 24, 0.96, 0.74, 118.3, 0.79, 255.67, nan, 1.259874443356, nan, 0.83
621702301839313, 621702304.1, 50.3645313333333, 7.5719005, 25, 0.95, 0.74, 118.2, 0.79, 234.46, nan, 1.917848887232, nan, 0.82
621702302840801, 621702305, 50.3645153333333, 7.57189766666667, 23, 0.94, 0.76, 118, 0.78, 234.46, nan, 1.917848887232, nan, 1.19
621702303842130, 621702305.3, 50.36451, 7.57190166666667, 23, 0.94, 0.76, 118, 0.78, 234.46, nan, 1.917848887232, nan, 0.84
621702304843553, 621702307, 50.3645065, 7.5719445, 16, 1, 0.78, 118.3, 0.83, 72.81, nan, 2.039257776016, nan, 1.22
621702305845130, 621702307.9, 50.3645208333333, 7.57197316666667, 15, 1, 0.78, 118.5, 0.84, 53.23, nan, 2.842819997544, nan, 1.22
621702306881372, 621702308.5, 50.3645338333333, 7.57199533333333, 13, 1.1, 0.77, 118.9, 0.89, 48.82, nan, 3.219393330552, nan, 1.22
621702307882625, 621702309.3, 50.364554, 7.5720265, 13, 1.1, 0.77, 118.9, 0.89, 48.82, nan, 3.219393330552, nan, 1.38
621702308884059, 621702310.6, 50.3645916666667, 7.57207983333333, 14, 1.1, 0.77, 119, 0.94, 39.47, nan, 4.491614440564, nan, 0.98
621702309885707, 621702311.7, 50.3646283333333, 7.57212433333333, 16, 1.1, 0.77, 119.3, 0.93, 36.7, nan, 4.690189995948, nan, 0.87
621702310887386, 621702312.6, 50.3646591666667, 7.57216066666667, 17, 1.1, 0.77, 119, 0.91, 36.7, nan, 4.690189995948, nan, 0.83
621702311888987, 621702314.7, 50.3646935, 7.57225, 18, 1, 0.76, 118.4, 0.88, 87.03, nan, 3.054256664028, nan, 0.94
621702312890561, 621702315.7, 50.3646835, 7.5722855, 21, 1, 0.77, 118.2, 0.87, 98.5, nan, 2.87317221974, nan, 0.94
621702313894087, 621702316.3, 50.364672, 7.5722975, 24, 1, 0.79, 118.2, 0.88, 98.5, nan, 2.87317221974, nan, 0.94
621702314895650, 621702317.4, 50.3646521666667, 7.57229433333333, 27, 1.1, 0.81, 117.7, 0.9, 179.18, nan, 2.057263331556, nan, 0.94
621702315897490, 621702318.4, 50.364643, 7.57227616666667, 27, 1.1, 0.82, 117.4, 0.94, 205.97, nan, 1.981125553844, nan, 0.9
621702316899205, 621702319.2, 50.3646396666667, 7.57226266666667, 26, 1.1, 0.83, 117.3, 0.96, 205.97, nan, 1.981125553844, nan, 0.9
621702317900645, 621702319.8, 50.3646376666667, 7.57225216666667, 26, 1.1, 0.83, 117.3, 0.98, 252.85, nan, 1.20637222118, nan, 0.94
621702318902880, 621702320.6, 50.3646331666667, 7.572235, 25, 1.1, 0.83, 117.3, 0.98, 248.46, nan, 2.01662222048, nan, 0.9
621702319904060, 621702322.6, 50.3646131666667, 7.572173, 26, 1.1, 0.82, 117.5, 1, 245.75, nan, 2.33814999798, nan, 0.86
621702320906273, 621702323.5, 50.3646033333333, 7.57214033333333, 26, 1.1, 0.81, 117.7, 0.98, 245.65, nan, 2.948281108564, nan, 0.79
621702321907847, 621702324.6, 50.3645921666667, 7.5720995, 25, 1, 0.8, 117.6, 0.94, 247.64, nan, 2.889119997504, nan, 0.77
621702322911148, 621702325.5, 50.3645825, 7.5720655, 24, 1, 0.78, 117.6, 0.92, 246.58, nan, 2.956512219668, nan, 0.77
621702323913866, 621702326.3, 50.3645728333333, 7.57203633333333, 23, 0.99, 0.77, 117.6, 0.89, 244.04, nan, 2.85773888642, nan, 0.77
621702324915191, 621702327.1, 50.3645651666667, 7.57200733333333, 23, 0.97, 0.76, 117.6, 0.87, 244.04, nan, 2.85773888642, nan, 0.83
621702325916545, 621702327.2, 50.3645641666667, 7.57200366666667, 23, 0.97, 0.76, 117.6, 0.87, 244.04, nan, 2.85773888642, nan, 0.83
621702326917936, 621702328.6, 50.3645568333333, 7.5719675, 23, 0.93, 0.75, 117.5, 0.84, 265.43, nan, 0.211951110928, nan, 0.79
621702327919420, 621702328.7, 50.3645568333333, 7.57196766666667, 23, 0.93, 0.75, 117.5, 0.84, 265.43, nan, 0.211951110928, nan, 0.79
621702328920828, 621702330.1, 50.364557, 7.57196683333333, 23, 0.93, 0.75, 117.4, 0.84, 265.43, nan, 0.053502222176, nan, 0.79
621702329922208, 621702330.1, 50.364557, 7.57196683333333, 23, 0.93, 0.75, 117.4, 0.84, 265.43, nan, 0.053502222176, nan, 0.79
621702330923707, 621702331.6, 50.364555, 7.57196183333333, 22, 0.89, 0.75, 117.7, 0.8, 241.21, nan, 0.457341110716, nan, 0.78
621702331925368, 621702331.6, 50.364555, 7.57196183333333, 22, 0.89, 0.75, 117.7, 0.8, 241.21, nan, 0.457341110716, nan, 0.78
621702332926966, 621702331.6, 50.364555, 7.57196183333333, 22, 0.89, 0.75, 117.7, 0.8, 241.21, nan, 0.457341110716, nan, 0.78
621702333930317, 621702334.7, 50.364538, 7.57191866666667, 24, 0.88, 0.73, 117.8, 0.77, 219.63, nan, 1.317492221084, nan, 0.77
621702334932241, 621702337.6, 50.364513, 7.57187516666667, 17, 0.88, 0.71, 117.5, 0.74, 219.63, nan, 1.317492221084, nan, 0.77
621702335933525, 621702338.7, 50.364499, 7.57186083333333, 17, 0.88, 0.72, 117.5, 0.74, 219.63, nan, 1.317492221084, nan, 0.77
621702336935433, 621702339.6, 50.3644868333333, 7.57184983333333, 15, 0.92, 0.72, 117.6, 0.77, 209.31, nan, 1.686863331876, nan, 0.83
621702337936797, 621702340.6, 50.3644743333333, 7.57183566666667, 15, 0.92, 0.72, 117.2, 0.78, 220.58, nan, 1.711556665188, nan, 0.83
621702338938218, 621702341.3, 50.3644675, 7.57182233333333, 15, 0.91, 0.73, 117, 0.78, 223.65, nan, 1.603008887504, nan, 0.89
621702339939915, 621702342, 50.3644643333333, 7.57180816666667, 15, 0.93, 0.73, 117, 0.79, 223.65, nan, 1.603008887504, nan, 0.83
621702340941595, 621702342.7, 50.3644631666667, 7.57179566666667, 15, 0.94, 0.74, 117, 0.8, 223.65, nan, 1.603008887504, nan, 0.87
621702341943160, 621702344.1, 50.364462, 7.571786, 15, 0.97, 0.77, 117.1, 0.83, 262.53, nan, 0.50672777734, nan, 0.86
621702342946014, 621702344.9, 50.364462, 7.57178516666667, 16, 0.99, 0.78, 117, 0.84, 262.53, nan, 0.50672777734, nan, 0.86
621702343947414, 621702345, 50.3644618333333, 7.57178516666667, 16, 1, 0.78, 117, 0.84, 262.53, nan, 0.50672777734, nan, 0.87
621702344948826, 621702346.1, 50.3644605, 7.5717855, 15, 1, 0.78, 116.6, 0.86, 148.13, nan, 0.104946666576, nan, 1.09
621702345951479, 621702347.4, 50.3644596666667, 7.57178366666667, 15, 1, 0.79, 116.6, 0.87, 148.13, nan, 0.104946666576, nan, 1.23
621702346953045, 621702349.7, 50.3644586666667, 7.57178216666667, 15, 1, 0.79, 116, 0.87, 148.13, nan, 0.03343888886, nan, 0.78
621702347955597, 621702350.4, 50.364458, 7.5717815, 15, 1, 0.79, 115.9, 0.86, 148.13, nan, 0.03343888886, nan, 0.83
621702348985698, 621702351.2, 50.3644571666667, 7.57178066666667, 15, 1, 0.79, 115.7, 0.86, 148.13, nan, 0.029837777752, nan, 0.94
621702349987115, 621702352.1, 50.364457, 7.57177966666667, 13, 1, 0.79, 115.7, 0.86, 148.13, nan, 0.029837777752, nan, 0.94
621702350990917, 621702352.9, 50.3644566666667, 7.571779, 12, 1, 0.78, 115.6, 0.86, 148.13, nan, 0.023664444424, nan, 0.94
621702351992358, 621702353.6, 50.3644566666667, 7.57177866666667, 10, 1, 0.78, 115.5, 0.87, 148.13, nan, 0.057617777728, nan, 0.94
621702352994133, 621702354.6, 50.3644566666667, 7.57177833333333, 9.19999999999999, 1.1, 0.78, 115.5, 0.87, 148.13, nan, 0.009259999992, nan, 0.94
