current_time, risk, prob_collision, danger_value, diff_ttc, distance_to_poc_own, time_to_poc_own, current_speed_own, current_lat_own, current_lon_own, current_lat_other, current_lon_other, 
621782624684689, No Risk, 0.154638906533677, 200, 5.46667790412903, 21.9020321346065,-621782002898409,1.634904443032, 50.3643978333333, 7.57309216666667, 50.364084, 7.572932
621782625184261, No Risk, 0.169394649051762, 200, 4.90337419509888, 20.9854348846095,-621782003399535,1.634904443032, 50.3643848333333, 7.5731055, 50.364084, 7.572932
621782625685920, No Risk, 0.158275849603105, 200, 5.3180832862854, 25.8194772671881,-621782003899668,1.634904443032, 50.3643848333333, 7.5731055, 50.364096, 7.572977
621782626185561, No Risk, 0.159690364778468, 200, 5.26211857795715, 23.8254827849577,-621782004400815,1.634904443032, 50.3643638333333, 7.5731255, 50.364096, 7.572977
621782626685787, No Risk, 0.211631865149917, 200, 3.72518634796143, 23.00771077737,-621782004901010,1.634904443032, 50.3643638333333, 7.5731255, 50.364096, 7.572977
621782627186614, Collision, 0.703917966103117, 200, 0.420620083808899, 19.4984053330289,-621782005402086,2.756907775396, 50.3643361666667, 7.57314783333333, 50.364096, 7.572977
621782627686846, No Risk, 0.189129997879318, 200, 4.28736853599548, 15.778568224475,-621782005902203,2.756907775396, 50.3643361666667, 7.57314783333333, 50.364154, 7.573135
621782628188158, No Risk, 0.208180167918342, 200, 3.80353152751923, 12.2626982387249,-621782006403502,2.899923330828, 50.3643195, 7.57315833333333, 50.364154, 7.573135
621782628689103, No Risk, 0.220336030117763, 200, 3.53852236270905, 10.8642217003379,-621782006903725,2.899923330828, 50.3643195, 7.57315833333333, 50.364173, 7.573187
621782629189560, No Risk, 0.171680985817862, 200, 4.82475686073303, 12.1415153490084,-621782007404860,3.033164441824, 50.3642935, 7.573174, 50.364173, 7.573187
621782629690945, No Risk, 0.208295137485436, 200, 3.80088019371033, 10.6020113463714,-621782007905053,3.033164441824, 50.3642935, 7.573174, 50.364183, 7.573213
621782630193289, No Risk, 0.207123556147526, 200, 3.82803606987, 9.49661107517546,-621782008407196,3.015158886284, 50.364273, 7.5731895, 50.364183, 7.573213
621782642717839, No Risk, 0.151521155456898, 200, 5.59973847866058, 6.80445411710819,-621782020933117,0.560229999516, 50.3642143333333, 7.57323883333333, 50.364305, 7.573553
621782643218163, No Risk, 0.0755693829935935, 200, 12.2328723669052, 6.77745607777315,-621782021433349,0.37554444412, 50.3642173333333, 7.57323866666667, 50.364305, 7.573553
621782662243693, No Risk, 0.158540388080933, 200, 5.30754101276398, 24.5996981389052,-621782040458958,1.729047776284, 50.3644176666667, 7.57311183333333, 50.364078, 7.572923
621782662745999, No Risk, 0.162990285799111, 200, 5.13533496856689, 22.8611863360575,-621782040959238,1.729047776284, 50.3644176666667, 7.57311183333333, 50.364094, 7.572961
621782663245112, No Risk, 0.230083610460037, 200, 3.3462461233139, 21.7584362491966,-621782041460369,2.27898888692, 50.3644046666667, 7.57312633333333, 50.364094, 7.572961
621782663745317, No Risk, 0.20736128138995, 200, 3.82250106334686, 22.5022304584846,-621782041960540,2.27898888692, 50.3644046666667, 7.57312633333333, 50.364113, 7.573011
621782664246563, No Risk, 0.187836556690452, 200, 4.32377731800079, 21.3598259313365,-621782042461817,2.27898888692, 50.3644046666667, 7.57312633333333, 50.364113, 7.573011
621782664746703, No Risk, 0.183315171047778, 200, 4.45508587360382, 21.6048813691551,-621782042961985,2.27898888692, 50.3644046666667, 7.57312633333333, 50.364125, 7.573044
621782665247620, No Risk, 0.186829813605334, 200, 4.35246479511261, 20.5518089891637,-621782043463034,2.593314442204, 50.3643705, 7.573156, 50.364125, 7.573044
621782665747961, No Risk, 0.2327944214866, 200, 3.29563558101654, 18.0818658625184,-621782043963234,2.593314442204, 50.3643705, 7.573156, 50.36414, 7.573083
621782666249220, No Risk, 0.291676298101891, 200, 2.42845821380615, 14.7652284081661,-621782044464475,2.629839997728, 50.3643356666667, 7.57319383333333, 50.36414, 7.573083
621782666749386, No Risk, 0.31074181564159, 200, 2.21810567378998, 13.6589335405631,-621782044964654,2.629839997728, 50.3643356666667, 7.57319383333333, 50.364159, 7.573133
621782667250553, No Risk, 0.27692075088017, 200, 2.61114144325256, 11.8615121567084,-621782045465707,2.629839997728, 50.3643118333333, 7.57321633333333, 50.364159, 7.573133
621782667751756, No Risk, 0.321938330481589, 200, 2.10618495941162, 10.4407513229864,-621782045965862,2.629839997728, 50.3643118333333, 7.57321633333333, 50.364177, 7.573178
621782668252066, No Risk, 0.256541659278529, 200, 2.89800238609314, 9.50833293238309,-621782046467190,2.756907775396, 50.3642946666667, 7.57323066666667, 50.364177, 7.573178
621782668752330, No Risk, 0.236308369084779, 200, 3.23175871372223, 8.05631589957958,-621782046967386,2.756907775396, 50.3642946666667, 7.57323066666667, 50.364213, 7.573276
621782669253401, No Risk, 0.234269227102192, 200, 3.26859307289124, 7.81154665439295,-621782047468650,2.756907775396, 50.3642818333333, 7.57324166666667, 50.364213, 7.573276
621782699299916, No Risk, 0.106470017884474, 200, 8.39231550693512, 24.6139538950906,-621782077515292,1.80569999844, 50.3644203333333, 7.57309933333333, 50.364079, 7.572929
621782699800221, No Risk, 0.110560639809223, 200, 8.04481017589569, 23.5444675622203,-621782078015498,1.80569999844, 50.3644203333333, 7.57309933333333, 50.364102, 7.572983
621782700303349, No Risk, 0.134442735664576, 200, 6.43811106681824, 24.1760182320722,-621782078516571,2.095846664856, 50.3644075, 7.57310983333333, 50.364102, 7.572983
621782700801840, No Risk, 0.152655814840535, 200, 5.55068397521973, 23.130587009721,-621782079016790,2.095846664856, 50.3644075, 7.57310983333333, 50.364113, 7.573011
621782701302732, No Risk, 0.125565550375828, 200, 6.96396780014038, 22.6686353236041,-621782079517941,1.999131109384, 50.3643948333333, 7.5731185, 50.364113, 7.573011
621782701802892, No Risk, 0.125939302406586, 200, 6.94033300876617, 21.691816542923,-621782080018124,1.999131109384, 50.3643948333333, 7.5731185, 50.364136, 7.57307
621782702303875, No Risk, 0.160762746696539, 200, 5.22034657001495, 19.0334172352425,-621782080519238,2.957541108556, 50.3643546666667, 7.573144, 50.364136, 7.57307
621782702804305, No Risk, 0.20837068813481, 200, 3.79913949966431, 17.5510524377694,-621782081019429,2.957541108556, 50.3643546666667, 7.573144, 50.364138, 7.573075
621782703305182, No Risk, 0.188337474676306, 200, 4.30961775779724, 16.2344578359164,-621782081520561,2.957541108556, 50.3643308333333, 7.57315416666667, 50.364138, 7.573075
621782703805624, No Risk, 0.264688725680212, 200, 2.77802264690399, 14.7550435197582,-621782082020778,2.957541108556, 50.3643308333333, 7.57315416666667, 50.364138, 7.573075
621782704306805, No Risk, 0.347054522045446, 200, 1.88139164447784, 10.6644626966969,-621782082522021,2.629325553284, 50.3643136666667, 7.57316716666667, 50.364138, 7.573075
621782704807158, Collision, 0.825851573094824, 200, 0.210871338844299, 9.34919336758394,-621782083022251,2.629325553284, 50.3643136666667, 7.57316716666667, 50.364138, 7.573075
621782705313901, No Risk, 0.326897565569036, 200, 2.05906224250793, 11.4098834483372,-621782083526096,2.629325553284, 50.3642971666667, 7.5731755, 50.364138, 7.573075
621782705811372, Warning, 0.560288721473466, 200, 0.784794092178345, 10.0949642189223,-621782084026193,2.629325553284, 50.3642971666667, 7.5731755, 50.364138, 7.573075
621782706312735, Warning, 0.585906505514477, 200, 0.706756949424744, 8.23262858241619,-621782084527824,2.78314444204, 50.3642721666667, 7.573195, 50.364138, 7.573075
621782706813460, Warning, 0.546111147567963, 200, 0.83112907409668, 6.84055236983336,-621782085028005,2.78314444204, 50.3642721666667, 7.573195, 50.364138, 7.573075
621782707314418, Collision, 0.927567820992828, 200, 0.0780882835388184, 6.80644348949255,-621782085529449,2.86031110864, 50.364261, 7.57320483333333, 50.364138, 7.573075
621782707815043, No Risk, 0.407216471324048, 200, 1.45569634437561, 5.37579542716542,-621782086029621,2.86031110864, 50.364261, 7.57320483333333, 50.364138, 7.573075
621782708316156, Warning, 0.487345816452771, 200, 1.05193102359772, 3.46900077874198,-621782086531296,2.776971108712, 50.3642565, 7.5732085, 50.364138, 7.573075
621782708816334, No Risk, 0.269627459585651, 200, 2.70882105827332, 2.08014456360358,-621782087031429,2.776971108712, 50.3642565, 7.5732085, 50.364138, 7.573075
621782709317221, No Risk, 0.442387408883527, 200, 1.26046216487885, 3.43907653358103,-621782087532448,2.776971108712, 50.3642346666667, 7.57322833333333, 50.364138, 7.573075
621782709817582, No Risk, 0.268216471198523, 200, 2.72833180427551, 2.04998770180603,-621782088032664,2.776971108712, 50.3642346666667, 7.57322833333333, 50.364138, 7.573075
621782710319758, No Risk, 0.32703146849371, 200, 2.05780971050262, 1.15912797486384,-621782088534192,2.328889997988, 50.3642175, 7.57324566666667, 50.364138, 7.573075
621782717832677, No Risk, 0.181864095882694, 200, 4.49861145019531, 0.20058568400362,-621782096047912,0.021606666648, 50.3642183333333, 7.57323183333333, 50.364292, 7.5735
621782718333950, Warning, 0.47509871403022, 200, 1.10482573509216, 0.163159025626241,-621782096549181,0.03343888886, 50.3642188333333, 7.5732325, 50.364292, 7.5735
621782769427023, No Risk, 0.146158439911813, 200, 5.84189021587372, 26.6980026143164,-621782147642323,1.421924443216, 50.3644393333333, 7.573077, 50.364066, 7.572881
621782769927521, No Risk, 0.0795831647167864, 200, 11.5654716491699, 29.6083666908933,-621782148142532,1.421924443216, 50.3644393333333, 7.573077, 50.364087, 7.572935
621782770428869, No Risk, 0.0744901270395289, 200, 12.4245978593826, 29.249323318667,-621782148643986,1.421924443216, 50.3644295, 7.57308, 50.364087, 7.572935
621782770930475, No Risk, 0.0747227792521818, 200, 12.3827998638153, 27.0619160527663,-621782149144223,1.421924443216, 50.3644295, 7.57308, 50.364097, 7.572962
621782771480045, No Risk, 0.0992954205567673, 200, 9.07095789909363, 25.3637064903968,-621782149693525,1.976495553848, 50.3644011666667, 7.57310233333333, 50.364097, 7.572962
621782771978654, No Risk, 0.0904092979977872, 200, 10.0608092546463, 24.8664583255197,-621782150193458,1.976495553848, 50.3644011666667, 7.57310233333333, 50.364123, 7.573035
621782772478584, No Risk, 0.0846070104132405, 200, 10.8193515539169, 24.5852394750543,-621782150693663,1.976495553848, 50.3643915, 7.5731105, 50.364123, 7.573035
621782772979871, No Risk, 0.0882394992298012, 200, 10.3327932357788, 23.7154003616248,-621782151193910,1.976495553848, 50.3643915, 7.5731105, 50.364137, 7.573074
621782773479769, No Risk, 0.15174550671484, 200, 5.58998095989227, 22.1071047506361,-621782151694206,2.384964442384, 50.3643753333333, 7.573127, 50.364137, 7.573074
621782773979344, No Risk, 0.185686938751658, 200, 4.38540840148926, 20.1811285759532,-621782152194386,2.384964442384, 50.3643753333333, 7.573127, 50.364145, 7.573095
621782774479425, No Risk, 0.166549956461501, 200, 5.00420451164246, 19.248748361337,-621782152694616,2.384964442384, 50.3643601666667, 7.57314516666667, 50.364145, 7.573095
621782774980071, No Risk, 0.175357068677126, 200, 4.70265007019043, 17.8705395729476,-621782153194836,2.384964442384, 50.3643601666667, 7.57314516666667, 50.364169, 7.573156
621782775480302, No Risk, 0.195622989342911, 200, 4.11187362670898, 15.7983473375739,-621782153695119,2.675625553244, 50.3643338333333, 7.5731675, 50.364169, 7.573156
621782775982925, No Risk, 0.202178837261423, 200, 3.94611608982086, 14.4027138164686,-621782154195369,2.675625553244, 50.3643338333333, 7.5731675, 50.364189, 7.57321
621782776483402, No Risk, 0.192842933068191, 200, 4.18556725978851, 12.0551222679731,-621782154695883,2.675625553244, 50.3643066666667, 7.573196, 50.364189, 7.57321
621782776981117, No Risk, 0.237212197456188, 200, 3.21563482284546, 10.7351670034609,-621782155196096,2.675625553244, 50.3643066666667, 7.573196, 50.364199, 7.573238
621782777481406, No Risk, 0.237087034452597, 200, 3.21786034107208, 7.84310847226053,-621782155696352,2.675625553244, 50.3642946666667, 7.5732065, 50.364199, 7.573238
621782811499526, No Risk, 0.140913535637109, 200, 6.09655034542084, 27.3914673593666,-621782189714667,2.351525553524, 50.3644201666667, 7.5731005, 50.364078, 7.572917
621782811999718, No Risk, 0.109674727915781, 200, 8.11787080764771, 26.5585903086794,-621782190214888,2.351525553524, 50.3644201666667, 7.5731005, 50.364117, 7.573023
621782812499978, No Risk, 0.130028704530705, 200, 6.69060957431793, 24.1655772142573,-621782190715156,2.675625553244, 50.3643898333333, 7.57311133333333, 50.364117, 7.573023
621782813000238, No Risk, 0.157513991966993, 200, 5.34864234924316, 22.8337053296245,-621782191215370,2.675625553244, 50.3643898333333, 7.57311133333333, 50.36412, 7.573032
621782813500681, No Risk, 0.164153738833345, 200, 5.09185028076172, 21.5109953877251,-621782191715620,2.702376664332, 50.3643701666667, 7.57312333333333, 50.36412, 7.573032
621782814001515, No Risk, 0.151094992758215, 200, 5.61835300922394, 19.7744417170588,-621782192215848,2.702376664332, 50.3643701666667, 7.57312333333333, 50.364159, 7.573135
621782814501060, No Risk, 0.141726717912334, 200, 6.05583262443542, 17.8444339367357,-621782192716057,2.702376664332, 50.3643408333333, 7.57313533333333, 50.364159, 7.573135
621782815001445, No Risk, 0.162242711003759, 200, 5.16360509395599, 15.8282104534674,-621782193216336,2.702376664332, 50.3643408333333, 7.57313533333333, 50.364175, 7.573175
621782815501551, No Risk, 0.153530822107663, 200, 5.5133501291275, 14.341828839061,-621782193716516,2.711636664324, 50.3643181666667, 7.57315233333333, 50.364175, 7.573175
621782816001789, No Risk, 0.159702735324143, 200, 5.26163351535797, 13.3426136436277,-621782194216754,2.711636664324, 50.3643181666667, 7.57315233333333, 50.364192, 7.573223
621782816502108, No Risk, 0.164476949838009, 200, 5.07987928390503, 12.8121594306366,-621782194717011,2.711636664324, 50.3643026666667, 7.57316333333333, 50.364192, 7.573223
621782846550406, No Risk, 0.269750569874306, 200, 2.70712840557098, 18.2251037558134,-621782224763583,1.414722221, 50.3644118333333, 7.573081, 50.364055, 7.572831
621782847048763, No Risk, 0.0695743888729388, 200, 13.3731050491333, 35.5705592544791,-621782225263813,1.414722221, 50.3644118333333, 7.573081, 50.364058, 7.572852
621782847549607, No Risk, 0.0638815677103268, 200, 14.6539677381516, 34.2539214060099,-621782225764809,1.411121109892, 50.3643991666667, 7.5730885, 50.364058, 7.572852
621782848049969, No Risk, 0.088392082059672, 200, 10.3132305145264, 24.4566482331472,-621782226265060,1.411121109892, 50.3643991666667, 7.5730885, 50.364073, 7.572899
621782848551847, No Risk, 0.146451785257187, 200, 5.82818579673767, 21.9386081381079,-621782226766146,1.757856665148, 50.36439, 7.57309633333333, 50.364073, 7.572899
621782849053410, No Risk, 0.1523032600739, 200, 5.56584763526917, 21.0566506870154,-621782227266405,1.757856665148, 50.36439, 7.57309633333333, 50.364091, 7.572948
621782849555422, No Risk, 0.122532198815322, 200, 7.16112017631531, 21.5045683511828,-621782227768544,1.570598887532, 50.3643748333333, 7.57311366666667, 50.364091, 7.572948
621782850054582, No Risk, 0.105701776669191, 200, 8.46057891845703, 21.7831315868792,-621782228268693,1.570598887532, 50.3643748333333, 7.57311366666667, 50.364107, 7.572993
621782850555608, No Risk, 0.128980585846465, 200, 6.75310480594635, 20.3693245707755,-621782228770169,1.820618887316, 50.364356, 7.5731255, 50.364107, 7.572993
621782851055582, No Risk, 0.16662733357449, 200, 5.00141632556915, 18.290704487175,-621782229270425,1.820618887316, 50.364356, 7.5731255, 50.364111, 7.573002
621782851557693, No Risk, 0.157747134026189, 200, 5.33925938606262, 16.9367832756303,-621782229771833,1.820618887316, 50.3643376666667, 7.5731395, 50.364111, 7.573002
621782852057396, No Risk, 0.210954101796737, 200, 3.74036765098572, 16.0259916115081,-621782230272098,1.820618887316, 50.3643376666667, 7.5731395, 50.364111, 7.573002
621782852559462, No Risk, 0.185135504268655, 200, 4.40144908428192, 15.3914536120862,-621782230773583,1.820618887316, 50.364326, 7.57315133333333, 50.364111, 7.573002
621782853060860, No Risk, 0.254219570815248, 200, 2.9336074590683, 14.4807071206219,-621782231273823,1.820618887316, 50.364326, 7.57315133333333, 50.364111, 7.573002
621782853563262, No Risk, 0.224552026014881, 200, 3.4533109664917, 13.4667459233781,-621782231776314,1.820618887316, 50.3643103333333, 7.573163, 50.364111, 7.573002
621782854061671, No Risk, 0.334955615408582, 200, 1.9854701757431, 12.5559977275025,-621782232276555,1.820618887316, 50.3643103333333, 7.573163, 50.364111, 7.573002
621782854562693, No Risk, 0.355825279205887, 200, 1.81036806106567, 10.2602551731339,-621782232777735,1.820618887316, 50.3642985, 7.57316983333333, 50.364111, 7.573002
621782855062915, Collision, 0.719611033304733, 200, 0.389639616012573, 9.34954376943122,-621782233277956,1.820618887316, 50.3642985, 7.57316983333333, 50.364111, 7.573002
621782855563727, No Risk, 0.315529786064645, 200, 2.16927289962769, 11.4807247504098,-621782233778945,2.137002220376, 50.3642931666667, 7.57317366666667, 50.364111, 7.573002
621782856064168, Warning, 0.656494555943126, 200, 0.523241877555847, 10.4116676926553,-621782234279205,2.137002220376, 50.3642931666667, 7.57317366666667, 50.364111, 7.573002
621782856565189, Collision, 0.758762767239165, 200, 0.317934989929199, 7.84799273856878,-621782234780307,2.137002220376, 50.364281, 7.5731825, 50.364111, 7.573002
621782884116039, No Risk, 0.0712005560370572, 200, 13.0448341369629, 21.0161610776903,-621782262331099,0.779897777104, 50.3644151666667, 7.5730875, 50.364054, 7.57285
621782888622603, No Risk, 0.0814622521495425, 200, 11.2756242752075, 23.8577038450841,-621782266837522,1.854057776176, 50.364379, 7.5730915, 50.364114, 7.573014
621782889122772, No Risk, 0.0849248158040552, 200, 10.7751212120056, 23.0159462326345,-621782267337844,1.854057776176, 50.364379, 7.5730915, 50.36413, 7.573059
621782889623673, No Risk, 0.138890350505822, 200, 6.19992423057556, 20.2392160630586,-621782267838837,2.203879998096, 50.3643575, 7.57311483333333, 50.36413, 7.573059
621782890124020, No Risk, 0.14334262845524, 200, 5.97629177570343, 19.0544823801931,-621782268339101,2.203879998096, 50.3643575, 7.57311483333333, 50.36415, 7.573113
621782890624923, No Risk, 0.127765222435878, 200, 6.82685601711273, 18.6909396804076,-621782268840106,2.203879998096, 50.3643466666667, 7.5731265, 50.36415, 7.573113
621782891125300, No Risk, 0.137969664005389, 200, 6.24797010421753, 17.4451166331998,-621782269340361,2.203879998096, 50.3643466666667, 7.5731265, 50.364169, 7.573164
621782891626682, No Risk, 0.0887931715844636, 200, 10.2621272802353, 17.1609259106753,-621782269841577,1.66165555412, 50.3643368333333, 7.5731355, 50.364169, 7.573164
621782892126776, No Risk, 0.0960758208223728, 200, 9.4084460735321, 16.1766939491838,-621782270341814,1.66165555412, 50.3643368333333, 7.5731355, 50.364184, 7.573203
621782892627618, No Risk, 0.157524900575717, 200, 5.3482027053833, 13.19608832305,-621782270842807,2.805265553132, 50.3643048333333, 7.57315916666667, 50.364184, 7.573203
621782905145603, No Risk, 0.141581090971005, 200, 6.06309008598328, 1.86071624251566,-621782283360615,2.355641109076, 50.3642396666667, 7.573215, 50.364299, 7.573559
621782905646441, No Risk, 0.151319595046306, 200, 5.60852944850922, 0.311722754439919,-621782283861605,2.692087775452, 50.3642618333333, 7.57320266666667, 50.364299, 7.573559
621782924673649, No Risk, 0.118984571211069, 200, 7.40445101261139, 30.0833995680323,-621782302888651,1.437357776536, 50.3643945, 7.573097, 50.364063, 7.572874
621782925173935, No Risk, 0.100027017738437, 200, 8.99729895591736, 24.1313118791414,-621782303388921,1.437357776536, 50.3643945, 7.573097, 50.364099, 7.572975
621782925674731, No Risk, 0.100555408493341, 200, 8.94476592540741, 22.5513307962518,-621782303889893,1.437357776536, 50.3643883333333, 7.57310366666667, 50.364099, 7.572975
621782926175261, No Risk, 0.108813631092334, 200, 8.19002509117126, 21.7128977587738,-621782304390141,1.437357776536, 50.3643883333333, 7.57310366666667, 50.364113, 7.573012
621782926676226, No Risk, 0.0916286635892532, 200, 9.91361546516418, 22.633788972762,-621782304891200,1.437357776536, 50.3643791666667, 7.5731125, 50.364113, 7.573012
621782927176445, No Risk, 0.0870498981004739, 200, 10.4876642227173, 23.0699264697792,-621782305391434,1.437357776536, 50.3643791666667, 7.5731125, 50.364127, 7.573051
621782927677310, No Risk, 0.0846195461482997, 200, 10.817600607872, 22.0370765138431,-621782305892466,1.437357776536, 50.3643673333333, 7.57312783333333, 50.364127, 7.573051
621782928177885, No Risk, 0.0896372891451105, 200, 10.1560714244843, 21.3396195163016,-621782306392741,1.437357776536, 50.3643673333333, 7.57312783333333, 50.364139, 7.573087
621782928679971, No Risk, 0.147088132580416, 200, 5.79864501953125, 17.7706243061503,-621782306894174,2.542898886692, 50.3643383333333, 7.5731485, 50.364139, 7.573087
621782929179936, No Risk, 0.162466085871203, 200, 5.15513074398041, 16.4251182644712,-621782307394426,2.542898886692, 50.3643383333333, 7.5731485, 50.364155, 7.573132
621782929681966, No Risk, 0.169532720000002, 200, 4.898566365242, 14.5951808152201,-621782307895871,2.917414441924, 50.3643101666667, 7.573161, 50.364155, 7.573132
621782930183776, No Risk, 0.177547664536955, 200, 4.63229036331177, 12.7760239083619,-621782308396130,2.917414441924, 50.3643101666667, 7.573161, 50.364182, 7.573202
621782942200405, No Risk, 0.0881595451885707, 200, 10.3430712223053, 3.92986477645962,-621782320415339,0.219667777588, 50.3642085, 7.57321716666667, 50.364301, 7.573532
621782942701489, No Risk, 0.0842439643669842, 200, 10.8702865839005, 3.81944096024129,-621782320916302,0.219667777588, 50.3642106666667, 7.5732185, 50.364301, 7.573532
621782943201774, No Risk, 0.0980738513190328, 200, 9.19639778137207, 3.5844934254781,-621782321416546,0.219667777588, 50.3642106666667, 7.5732185, 50.364297, 7.573516
621782943702724, No Risk, 0.087347865452761, 200, 10.4484766721725, 3.34029298004302,-621782321917674,0.202176666492, 50.3642141666667, 7.5732205, 50.364297, 7.573516
621782959224647, No Risk, 0.0460272278617097, 100, 9.8631352186203, 33.255164430149,-621782337439233,2.108193331512, 50.3644723333333, 7.57302333333333, 50.364031, 7.572793
621782959726332, No Risk, 0.102042326200806, 200, 8.79985499382019, 32.4723644188884,-621782337940350,2.108193331512, 50.3644631666667, 7.57300183333333, 50.364031, 7.572793
621782960225743, No Risk, 0.0441865616313533, 200, 21.631315112114, 11.8258087765157,-621782338440602,2.108193331512, 50.3644631666667, 7.57300183333333, 50.364044, 7.572804
621782960727704, No Risk, 0.045187654584661, 200, 21.1299381256104, 10.7687995864221,-621782338941983,2.108193331512, 50.3644631666667, 7.57300183333333, 50.364044, 7.572804
621782961227659, No Risk, 0.04106290548577, 200, 23.3528797626495, 7.92528977332252,-621782339442235,2.108193331512, 50.3644631666667, 7.57300183333333, 50.364049, 7.572829
621782961731235, No Risk, 0.0419271491911851, 200, 22.8508942127228, 6.86698945417166,-621782339944228,2.108193331512, 50.3644631666667, 7.57300183333333, 50.364049, 7.572829
621782965736369, No Risk, 0.100427135164324, 200, 8.9574681520462, 25.5372119662254,-621782343950949,2.114881109284, 50.3644055, 7.57303633333333, 50.364107, 7.572997
621782966236355, No Risk, 0.105142051305602, 200, 8.51094245910645, 24.8861015832977,-621782344451194,2.114881109284, 50.3644055, 7.57303633333333, 50.364122, 7.573039
621782966737330, No Risk, 0.114316007895736, 200, 7.74768126010895, 21.5444247356238,-621782344952258,2.114881109284, 50.3643736666667, 7.57307183333333, 50.364122, 7.573039
621782967237688, No Risk, 0.105495672111021, 200, 8.47906184196472, 21.7501811188599,-621782345452524,2.114881109284, 50.3643736666667, 7.57307183333333, 50.364147, 7.573103
621782967738640, No Risk, 0.100556052165917, 200, 8.94470226764679, 20.7483937164919,-621782345953606,2.114881109284, 50.3643581666667, 7.57308766666667, 50.364147, 7.573103
621782968239014, No Risk, 0.111355097561925, 200, 7.98028039932251, 19.5732115445705,-621782346453870,2.114881109284, 50.3643581666667, 7.57308766666667, 50.364158, 7.57313
621782968742500, No Risk, 0.124166617154598, 200, 7.05369448661804, 16.4307901505759,-621782346956984,2.321173331328, 50.3643416666667, 7.57309783333333, 50.364158, 7.57313
621782969242653, No Risk, 0.130028049487804, 200, 6.69064831733704, 15.6444870160534,-621782347457242,2.321173331328, 50.3643416666667, 7.57309783333333, 50.364174, 7.573177
621782969743657, No Risk, 0.116265248226262, 200, 7.60102236270905, 16.0552065580237,-621782347958517,2.321173331328, 50.3643165, 7.573116, 50.364174, 7.573177
621783004793131, No Risk, 0.0813646883855001, 200, 11.2903438806534, 27.3239261858494,-621782383008019,1.829364442864, 50.3643966666667, 7.57305333333333, 50.364084, 7.572931
621783005293513, No Risk, 0.0900678576901719, 200, 10.1027399301529, 26.3352532324287,-621782383508267,1.829364442864, 50.3643966666667, 7.57305333333333, 50.364088, 7.572943
621783005795767, No Risk, 0.156482022744323, 200, 5.39051043987274, 22.5955454616377,-621782384009745,2.403484442368, 50.364383, 7.57306083333333, 50.364088, 7.572943
621783006298266, No Risk, 0.206029800733421, 200, 3.85366678237915, 21.3931419266507,-621782384510020,2.403484442368, 50.364383, 7.57306083333333, 50.364088, 7.572943
621783006796454, No Risk, 0.192196410678289, 200, 4.20301079750061, 22.3462225555332,-621782385011374,2.193076664772, 50.3643691666667, 7.57307483333333, 50.364088, 7.572943
621783007296861, No Risk, 0.16691035842277, 200, 4.99123990535736, 20.5422379177148,-621782385511623,2.193076664772, 50.3643691666667, 7.57307483333333, 50.36412, 7.573028
621783007798976, No Risk, 0.154829080567228, 200, 5.45873498916626, 18.6092844551007,-621782386012951,2.074754442652, 50.3643456666667, 7.57309583333333, 50.36412, 7.573028
621783008299533, No Risk, 0.155673683877464, 200, 5.42369329929352, 18.0168482780181,-621782386513475,2.074754442652, 50.3643456666667, 7.57309583333333, 50.364138, 7.573079
621783008800868, No Risk, 0.147819553530607, 200, 5.76500487327576, 16.5643610507934,-621782387014664,2.074754442652, 50.3643418333333, 7.57309716666667, 50.364138, 7.573079
621783009300058, No Risk, 0.127621928604875, 200, 6.83564400672913, 16.6957253704299,-621782387514881,2.074754442652, 50.3643418333333, 7.57309716666667, 50.364161, 7.573149
621783009801280, No Risk, 0.136689346958737, 200, 6.31585907936096, 16.6164367253061,-621782388015903,2.659163331036, 50.3643163333333, 7.57311616666667, 50.364161, 7.573149
621783042363506, No Risk, 0.153707257344468, 200, 5.50587368011475, 28.7509259888074,-621782420578249,1.613297776384, 50.3644481666667, 7.5730125, 50.364066, 7.572881
621783042864364, No Risk, 0.15278974713035, 200, 5.54494178295135, 27.2233308253574,-621782421079244,1.613297776384, 50.3644431666667, 7.573019, 50.364066, 7.572881
621783043364878, No Risk, 0.102084183288675, 200, 8.7958368062973, 29.5807327243014,-621782421579622,1.613297776384, 50.3644431666667, 7.573019, 50.364078, 7.572913
621783043866429, No Risk, 0.0834499878877958, 200, 10.9832252264023, 31.462538760868,-621782422080682,1.613297776384, 50.364439, 7.57302283333333, 50.364078, 7.572913
621783044367618, No Risk, 0.0886697856762018, 200, 10.2777987718582, 30.6536051476004,-621782422581020,1.613297776384, 50.364439, 7.57302283333333, 50.364088, 7.572941
621783045869629, No Risk, 0.040636312130352, 200, 23.6085323095322, 26.5551170411598,-621782424084317,0.9131388881, 50.3644165, 7.57304083333333, 50.364093, 7.572951
621783047374164, No Risk, 0.0401600213941459, 200, 23.9003851413727, 26.3157412913426,-621782425586427,0.9131388881, 50.3643961666667, 7.573059, 50.36412, 7.573024
621783047875419, No Risk, 0.0425203774327441, 200, 22.5181355476379, 24.4920502676011,-621782426089042,0.9131388881, 50.364379, 7.573074, 50.36412, 7.573024
621783048374799, No Risk, 0.0397196898467448, 200, 24.1764302253723, 23.6597013547389,-621782426589346,0.9131388881, 50.364379, 7.573074, 50.364134, 7.573061
621783048875255, No Risk, 0.240762603036012, 200, 3.15346896648407, 17.6523552253838,-621782427090295,3.080493330672, 50.3643615, 7.573087, 50.364134, 7.573061
621783049375988, No Risk, 0.34009485720842, 200, 1.94035613536835, 15.8863261195739,-621782427590640,3.080493330672, 50.3643615, 7.573087, 50.36414, 7.573076
621783049876818, No Risk, 0.19287311016503, 200, 4.18475592136383, 19.5411906886214,-621782428091705,3.080493330672, 50.3643528333333, 7.573091, 50.36414, 7.573076
621783050377866, No Risk, 0.191941195749996, 200, 4.2099289894104, 19.0245979153274,-621782428592046,3.080493330672, 50.3643528333333, 7.573091, 50.364154, 7.573121
621783050879072, No Risk, 0.174712615142275, 200, 4.72368514537811, 17.0935295765439,-621782429093794,3.839298885572, 50.3643183333333, 7.573103, 50.364154, 7.573121
621783084965630, Warning, 0.486404675826199, 200, 1.05590128898621, 24.1719161707082,-621782463179857,2.157579998136, 50.3643941666667, 7.57305833333333, 50.364071, 7.572891
621783085465949, No Risk, 0.34033659965981, 200, 1.93826758861542, 24.1339359740791,-621782463680053,2.157579998136, 50.3643941666667, 7.57305833333333, 50.364082, 7.572927
621783085967318, No Risk, 0.43650274248824, 200, 1.29093635082245, 23.5865104036607,-621782464181246,2.301624442456, 50.3643825, 7.573071, 50.364082, 7.572927
621783086482801, Warning, 0.474102180378509, 200, 1.10924994945526, 22.8455716363678,-621782464697630,2.301624442456, 50.3643825, 7.573071, 50.364095, 7.572963
621783086983221, No Risk, 0.381902554528026, 200, 1.61846899986267, 22.1988204060572,-621782465197733,2.301624442456, 50.3643705, 7.57309033333333, 50.364095, 7.572963
621783087483123, No Risk, 0.173784210872394, 200, 4.75426268577576, 20.2801462877321,-621782465697970,2.301624442456, 50.3643705, 7.57309033333333, 50.36412, 7.573029
621783087983279, No Risk, 0.162846692426986, 200, 5.14074492454529, 18.9815535090189,-621782466198065,2.301624442456, 50.3643523333333, 7.57311, 50.36412, 7.573029
621783088483586, No Risk, 0.179032231042404, 200, 4.58558642864227, 17.4431057048075,-621782466698353,2.301624442456, 50.3643523333333, 7.57311, 50.364136, 7.573067
621783088983572, No Risk, 0.211936608261073, 200, 3.71839201450348, 15.1943445565727,-621782467198492,2.587141108876, 50.3643463333333, 7.57311616666667, 50.364136, 7.573067
621783089484043, No Risk, 0.314136401710743, 200, 2.18333053588867, 13.9000547394069,-621782467698770,2.587141108876, 50.3643463333333, 7.57311616666667, 50.364136, 7.573067
621783089984196, No Risk, 0.210191830995966, 200, 3.75755882263184, 14.9281880025869,-621782468198952,3.04293888626, 50.3643186666667, 7.5731355, 50.364136, 7.573067
621783090484523, No Risk, 0.319937170541613, 200, 2.12561368942261, 13.4058276443203,-621782468699244,3.04293888626, 50.3643186666667, 7.5731355, 50.364136, 7.573067
621783090985015, No Risk, 0.318294623005486, 200, 2.14174330234528, 12.256709780708,-621782469199349,3.121134441748, 50.3642995, 7.573148, 50.364136, 7.573067
621783091485060, Warning, 0.546165797485228, 200, 0.83094584941864, 10.6951647484473,-621782469699662,3.121134441748, 50.3642995, 7.573148, 50.364136, 7.573067
621783091986582, Warning, 0.49681944297121, 200, 1.0128036737442, 7.88293079570749,-621782470199800,3.121134441748, 50.3642878333333, 7.573152, 50.364136, 7.573067
621783123032105, No Risk, 0.0930478061238123, 200, 9.74716365337372, 28.6523819214408,-621782501246793,1.60249444306, 50.36441, 7.57306066666667, 50.364062, 7.572888
621783123534934, No Risk, 0.11887661858455, 200, 7.4120831489563, 22.6507073911018,-621782501747149,1.60249444306, 50.36441, 7.57306066666667, 50.364081, 7.572931
621783124037776, No Risk, 0.126242247755781, 200, 6.92127847671509, 20.5022599383863,-621782502251355,1.60249444306, 50.3643756666667, 7.57309433333333, 50.364081, 7.572931
621783124537204, No Risk, 0.154424278228817, 200, 5.47566568851471, 19.6598429593068,-621782502751689,1.60249444306, 50.3643756666667, 7.57309433333333, 50.364085, 7.572939
621783125037571, No Risk, 0.147034762349328, 200, 5.80111277103424, 18.665079289858,-621782503252365,1.60249444306, 50.364362, 7.57310733333333, 50.364085, 7.572939
621783125537875, No Risk, 0.169250925647493, 200, 4.90838718414307, 17.7926761770628,-621782503752679,1.60249444306, 50.364362, 7.57310733333333, 50.364096, 7.572962
621783126038638, No Risk, 0.157875013305859, 200, 5.33412456512451, 16.8613025653962,-621782504253576,1.60249444306, 50.3643478333333, 7.57311766666667, 50.364096, 7.572962
621783126539132, No Risk, 0.119158257643328, 200, 7.39220058917999, 17.6529250314698,-621782504753906,1.60249444306, 50.3643478333333, 7.57311766666667, 50.364123, 7.573032
621783127039918, No Risk, 0.30179164107098, 200, 2.31354439258575, 13.6092582613225,-621782505254862,2.81915555312, 50.3643091666667, 7.57315116666667, 50.364123, 7.573032
621783127540362, No Risk, 0.32174325874376, 200, 2.10806822776794, 12.5872094266775,-621782505755182,2.81915555312, 50.3643091666667, 7.57315116666667, 50.364142, 7.573085
621783128041660, No Risk, 0.255965317199452, 200, 2.90677928924561, 11.6447157434012,-621782506256341,3.231739997208, 50.3642843333333, 7.5731615, 50.364142, 7.573085
621783128542645, No Risk, 0.29789852581458, 200, 2.35684776306152, 9.91938390647184,-621782506756703,3.231739997208, 50.3642843333333, 7.5731615, 50.364158, 7.57313
621783129043804, No Risk, 0.232058917447261, 200, 3.30925047397614, 9.15027727850943,-621782507258449,3.043453330704, 50.364264, 7.57317533333333, 50.364158, 7.57313
621783129543937, No Risk, 0.272632903457377, 200, 2.66793584823608, 7.66924835154848,-621782507758780,3.043453330704, 50.364264, 7.57317533333333, 50.364173, 7.573171
621783130044537, No Risk, 0.329914280025087, 200, 2.03109037876129, 4.27799817492362,-621782508259504,3.185954441692, 50.364254, 7.57318216666667, 50.364173, 7.573171
621783161094105, No Risk, 0.0448264424094826, 200, 21.30826151371, 31.256778752009,-621782539308852,1.33498333218, 50.3644126666667, 7.57305016666667, 50.364074, 7.572898
621783161594386, No Risk, 0.0473874296542847, 200, 20.1026427745819, 30.6332374745079,-621782539809176,1.33498333218, 50.3644126666667, 7.57305016666667, 50.364078, 7.57291
621783162095179, No Risk, 0.0589470547933173, 200, 15.9643759727478, 30.085757268401,-621782540310092,1.752197776264, 50.3644078333333, 7.5730495, 50.364078, 7.57291
621783162595624, No Risk, 0.0573684788049674, 200, 16.4311751127243, 29.0916494810199,-621782540810428,1.752197776264, 50.3644078333333, 7.5730495, 50.364105, 7.572981
621783163096484, No Risk, 0.0544421976875399, 200, 17.3681049346924, 29.3922898995237,-621782541311382,1.752197776264, 50.364391, 7.57305916666667, 50.364105, 7.572981
621783163596933, No Risk, 0.0567071794819795, 200, 16.6344513893127, 28.5150468317198,-621782541811697,1.752197776264, 50.364391, 7.57305916666667, 50.364119, 7.573019
621783164097811, No Risk, 0.110541160835523, 200, 8.04640400409698, 22.6914770184804,-621782542312712,2.054691109336, 50.364375, 7.57307433333333, 50.364119, 7.573019
621783164598739, No Risk, 0.107429210907675, 200, 8.30845522880554, 22.0329321599652,-621782542813065,2.054691109336, 50.364375, 7.57307433333333, 50.364142, 7.573088
621783165100290, No Risk, 0.130203338256685, 200, 6.68029463291168, 20.2865773593089,-621782543314891,2.658648886592, 50.3643526666667, 7.57309116666667, 50.364142, 7.573088
621783165601351, No Risk, 0.144137763996295, 200, 5.93780708312988, 18.6127865918418,-621782543815214,2.658648886592, 50.3643526666667, 7.57309116666667, 50.364161, 7.573135
621783166101550, No Risk, 0.166525457173344, 200, 5.00508785247803, 12.4909925938889,-621782544316115,2.658648886592, 50.3642866666667, 7.5731225, 50.364161, 7.573135
621783166602441, No Risk, 0.193930162321051, 200, 4.15649545192719, 11.1148440140226,-621782544816459,2.658648886592, 50.3642866666667, 7.5731225, 50.364172, 7.573163
621783189183868, No Risk, 0.0369405563268195, 200, 26.0705181360245, 33.3157505445321,-621782567396581,1.241354443372, 50.364415, 7.57299016666667, 50.364165, 7.573171
621783189683203, No Risk, 0.0373437463015933, 200, 25.7782453298569, 33.2001251849063,-621782567896667,1.241354443372, 50.364415, 7.57299016666667, 50.364148, 7.573127
621783202188123, No Risk, 0.219787420078688, 200, 3.54985094070435, 20.5381684986177,-621782580402758,2.4821944423, 50.3643621666667, 7.57302733333333, 50.364097, 7.572964
621783202688452, No Risk, 0.274101945789976, 200, 2.64827764034271, 19.4204097764055,-621782580903020,2.4821944423, 50.3643621666667, 7.57302733333333, 50.364104, 7.572981
621783203188428, No Risk, 0.256163581022122, 200, 2.90375554561615, 18.9336189173106,-621782581403134,2.890148886392, 50.3643485, 7.5730425, 50.364104, 7.572981
621783203688678, No Risk, 0.219908780123491, 200, 3.54734003543854, 20.1297351261554,-621782581903438,2.890148886392, 50.3643485, 7.5730425, 50.364118, 7.573019
621783204190130, No Risk, 0.182411250192145, 200, 4.48211801052094, 19.509005790595,-621782582403597,2.876773330848, 50.3643331666667, 7.573059, 50.364118, 7.573019
621783204689539, No Risk, 0.199294617560845, 200, 4.01769697666168, 17.5499557891098,-621782582903888,2.876773330848, 50.3643331666667, 7.573059, 50.364136, 7.573067
621783205189632, No Risk, 0.255062872789193, 200, 2.92060196399689, 14.2167324354991,-621782583404129,3.433402219256, 50.3642961666667, 7.57309283333333, 50.364136, 7.573067
621783205689738, No Risk, 0.303290897980778, 200, 2.29716455936432, 12.6050709555141,-621782583904381,3.433402219256, 50.3642961666667, 7.57309283333333, 50.364147, 7.573098
621783206190113, No Risk, 0.242509141278627, 200, 3.12355589866638, 11.9336078120243,-621782584404543,3.433402219256, 50.3642773333333, 7.57310916666667, 50.364147, 7.573098
621783206690051, No Risk, 0.224539283496435, 200, 3.45356369018555, 10.477507497774,-621782584904816,3.433402219256, 50.3642773333333, 7.57310916666667, 50.364176, 7.573177
621783227200027, No Risk, 0.0505108058886442, 200, 18.7977439165115, 41.3699820104718,-621782605414112,1.827306665088, 50.3644226666667, 7.57299133333333, 50.36417, 7.573186
621783227699880, No Risk, 0.0509599123757152, 200, 18.6232676506042, 40.2467748403635,-621782605914418,1.827306665088, 50.3644226666667, 7.57299133333333, 50.364147, 7.573133
621783228200035, No Risk, 0.0488674877596049, 200, 19.4635033607483, 39.5099438265506,-621782606414510,1.827306665088, 50.3644131666667, 7.573001, 50.364147, 7.573133
621783228700969, No Risk, 0.0511177545156853, 200, 18.5626746416092, 38.4408115348776,-621782606914820,1.827306665088, 50.3644131666667, 7.573001, 50.364133, 7.573094
621783239725272, No Risk, 0.164230920913938, 200, 5.08898735046387, 24.2309482596477,-621782617939958,2.484252220076, 50.3643905, 7.5730395, 50.364083, 7.572938
621783240226702, No Risk, 0.167686408524409, 200, 4.96351253986359, 23.0239693812096,-621782618440101,2.606175553304, 50.3643715, 7.57305233333333, 50.364083, 7.572938
621783240726614, No Risk, 0.159866709642818, 200, 5.25521099567413, 21.8299014665846,-621782618940406,2.606175553304, 50.3643715, 7.57305233333333, 50.364108, 7.572999
621783241226430, No Risk, 0.142634685214225, 200, 6.01091742515564, 21.2989247098292,-621782619440530,2.606175553304, 50.3643568333333, 7.5730635, 50.364108, 7.572999
621783241727999, No Risk, 0.148924591352525, 200, 5.71480774879456, 20.5398394074195,-621782619940772,2.606175553304, 50.3643568333333, 7.5730635, 50.364124, 7.573041
621783242226166, No Risk, 0.226173348281765, 200, 3.42138743400574, 17.990790618022,-621782620440854,3.370125552644, 50.3643283333333, 7.5730875, 50.364124, 7.573041
621783242726439, No Risk, 0.27930714473694, 200, 2.58028793334961, 16.1776906496605,-621782620941150,3.370125552644, 50.3643283333333, 7.5730875, 50.364135, 7.57307
621783243226517, No Risk, 0.245076705084944, 200, 3.08035516738892, 14.4923916829537,-621782621441220,3.370125552644, 50.3643283333333, 7.5730875, 50.364135, 7.57307
621783243726809, No Risk, 0.257087199232766, 200, 2.88973081111908, 13.0127182432988,-621782621941519,3.370125552644, 50.3643283333333, 7.5730875, 50.364155, 7.573125
621783244228770, No Risk, 0.290792847749328, 200, 2.43887412548065, 9.50969206291245,-621782622441668,4.142306663088, 50.3642591666667, 7.57314116666667, 50.364155, 7.573125
621783244727318, Warning, 0.497010568944613, 200, 1.01202964782715, 7.43738688413981,-621782622941946,4.142306663088, 50.3642591666667, 7.57314116666667, 50.364155, 7.573125
621783245227377, No Risk, 0.36826524695514, 200, 1.71543407440186, 6.13662772492489,-621782623442061,4.350142218464, 50.364232, 7.57316283333333, 50.364155, 7.573125
621783245727655, No Risk, 0.446514305679593, 200, 1.23956990242004, 4.39001675567594,-621782623942339,4.350142218464, 50.364232, 7.57316283333333, 50.364172, 7.57318
621783276265780, No Risk, 0.166867371736968, 200, 4.99278330802917, 30.9162828015056,-621782654480422,2.708035553216, 50.3643933333333, 7.57308416666667, 50.364074, 7.572906
621783276766584, No Risk, 0.175936943132191, 200, 4.68385457992554, 22.1844143707564,-621782654980772,2.708035553216, 50.3643933333333, 7.57308416666667, 50.364113, 7.572998
621783277267536, No Risk, 0.262784718415632, 200, 2.80539631843567, 17.6630349877808,-621782655482050,3.22556666388, 50.3643721666667, 7.57309616666667, 50.364113, 7.572998
621783277767981, No Risk, 0.249567884357411, 200, 3.00692582130432, 17.0798717340611,-621782655982392,3.22556666388, 50.3643721666667, 7.57309616666667, 50.364129, 7.573044
621783278770836, No Risk, 0.212099216402283, 200, 3.71477460861206, 16.3916170893248,-621782656985293,3.22556666388, 50.364341, 7.57311033333333, 50.364146, 7.573087
621783298302652, No Risk, 0.0395889449493937, 200, 24.2595769166946, 34.9807467604643,-621782676517110,1.448675554304, 50.3644631666667, 7.57298566666667, 50.364212, 7.573299
621783298803044, No Risk, 0.0403893534582406, 200, 23.7589999437332, 34.452013200825,-621782677017508,1.448675554304, 50.3644631666667, 7.57298566666667, 50.364191, 7.573241
621783299304075, No Risk, 0.049186096820622, 200, 19.330948472023, 33.5868502861964,-621782677518673,1.814445553988, 50.3644515, 7.5730005, 50.364191, 7.573241
621783312323582, No Risk, 0.0663855609176485, 200, 14.0635166168213, 27.9097703263017,-621782690538172,1.42243888766, 50.3644271666667, 7.5730415, 50.364085, 7.572929
621783312823867, No Risk, 0.0677485260715925, 200, 13.7604687213898, 27.2149547315572,-621782691038486,1.42243888766, 50.3644271666667, 7.5730415, 50.364107, 7.572984
621783313324676, No Risk, 0.132336475018805, 200, 6.55649566650391, 24.3085934010913,-621782691539447,2.136487775932, 50.3644013333333, 7.573076, 50.364107, 7.572984
621783313825270, No Risk, 0.132333775670722, 200, 6.5566498041153, 23.9449840861026,-621782692039775,2.136487775932, 50.3644013333333, 7.573076, 50.36412, 7.57302
621783314325954, No Risk, 0.20625499403089, 200, 3.84836745262146, 21.1532252851785,-621782692540716,3.078435552896, 50.3643706666667, 7.57309633333333, 50.36412, 7.57302
621783314837983, No Risk, 0.206690374216747, 200, 3.83815467357635, 20.1422701530893,-621782693052576,3.078435552896, 50.3643706666667, 7.57309633333333, 50.364143, 7.573085
621783315338028, No Risk, 0.154330609053395, 200, 5.4795960187912, 18.8167684440373,-621782693552644,3.665931107944, 50.3643365, 7.57311366666667, 50.364143, 7.573085
621783315838317, No Risk, 0.16927146165907, 200, 4.907670378685, 16.9957884289792,-621782694052964,3.665931107944, 50.3643365, 7.57311366666667, 50.364163, 7.573141
621783316338394, No Risk, 0.229572309434037, 200, 3.35592603683472, 12.3961721575119,-621782694553013,4.138191107536, 50.3642901666667, 7.57314116666667, 50.364163, 7.573141
621783316839891, No Risk, 0.265407013349752, 200, 2.76779794692993, 10.2604226426203,-621782695053352,4.138191107536, 50.3642901666667, 7.57314116666667, 50.364182, 7.573192
621783317338850, No Risk, 0.274070745182832, 200, 2.64869296550751, 9.31665195021437,-621782695553461,4.138191107536, 50.3642671666667, 7.57316316666667, 50.364182, 7.573192
621783346370551, No Risk, 0.11726937610867, 200, 7.52737545967102, 27.7235764351317,-621782724585274,1.930709998332, 50.3644278333333, 7.57305766666667, 50.364081, 7.572921
621783346871812, No Risk, 0.0957357636098787, 200, 9.44541728496552, 26.7796426076022,-621782725085607,1.930709998332, 50.3644278333333, 7.57305766666667, 50.364103, 7.572975
621783347372273, No Risk, 0.132517584636708, 200, 6.54616832733154, 25.1777907371392,-621782725586739,2.512546664496, 50.3644075, 7.57307433333333, 50.364103, 7.572975
621783347872625, No Risk, 0.132623544193332, 200, 6.54013931751251, 25.7860908653884,-621782726087066,2.512546664496, 50.3644075, 7.57307433333333, 50.364116, 7.573016
621783348373709, No Risk, 0.126685500682637, 200, 6.89356315135956, 23.9306389420418,-621782726588247,2.512546664496, 50.364381, 7.5730895, 50.364116, 7.573016
621783348874137, No Risk, 0.134136346941765, 200, 6.4551008939743, 22.3418518662963,-621782727088581,2.512546664496, 50.364381, 7.5730895, 50.364139, 7.573077
621783349375083, No Risk, 0.156714254865305, 200, 5.38104045391083, 19.7681924193117,-621782727589640,3.125764441744, 50.3643481666667, 7.57310966666667, 50.364139, 7.573077
621783349875384, No Risk, 0.187726579270777, 200, 4.32689619064331, 17.3583589616008,-621782728089981,3.125764441744, 50.3643481666667, 7.57310966666667, 50.364153, 7.573114
621783350376128, No Risk, 0.245003766207177, 200, 3.08156991004944, 14.6254758953354,-621782728590856,4.029128885408, 50.3643153333333, 7.57313666666667, 50.364153, 7.573114
621783350876595, No Risk, 0.233897721720252, 200, 3.27537298202515, 12.73468419428,-621782729091194,4.029128885408, 50.3643153333333, 7.57313666666667, 50.364182, 7.573191
621783351377427, No Risk, 0.243405581075793, 200, 3.10836923122406, 10.8079718519212,-621782729592154,4.367118885116, 50.3642838333333, 7.57316283333333, 50.364182, 7.573191
621783391482161, No Risk, 0.0674573649370323, 200, 13.8241782188416, 28.8001605280373,-621782769695176,1.23209444338, 50.3644481666667, 7.5730355, 50.364074, 7.572908
621783391983537, No Risk, 0.0723039920124532, 200, 12.8304949998856, 28.350834460677,-621782770195430,1.23209444338, 50.3644481666667, 7.5730355, 50.364076, 7.572916
621783396489234, No Risk, 0.0733443007232721, 200, 12.6343245506287, 33.4054052394605,-621782774703902,1.572656665308, 50.364428, 7.57305983333333, 50.3641, 7.572976
621783396990417, No Risk, 0.131990702725126, 200, 6.57629120349884, 25.4635092574098,-621782775204249,1.572656665308, 50.364428, 7.57305983333333, 50.364111, 7.573007
621783397491719, Warning, 0.593688349937072, 200, 0.684385418891907, 23.2061564730696,-621782775705920,3.131423330628, 50.3644005, 7.573081, 50.364111, 7.573007
621783397992915, Collision, 0.820964030425924, 200, 0.218080163002014, 21.7157645077773,-621782776206216,3.131423330628, 50.3644005, 7.573081, 50.364119, 7.573026
621783398492758, Warning, 0.493481144186175, 200, 1.02641987800598, 20.1685401113344,-621782776707147,4.349113329576, 50.3643741666667, 7.5731035, 50.364119, 7.573026
621783398992941, Warning, 0.539723380289338, 200, 0.852800965309143, 19.7387354795182,-621782777207514,4.349113329576, 50.3643741666667, 7.5731035, 50.364134, 7.573065
621783399494082, No Risk, 0.410198994684328, 200, 1.43784117698669, 17.8329909623437,-621782777708604,4.413418885076, 50.3643405, 7.57312766666667, 50.364134, 7.573065
621783399994469, No Risk, 0.449062724451519, 200, 1.22686040401459, 15.1943809832483,-621782778208925,4.413418885076, 50.3643405, 7.57312766666667, 50.36415, 7.573106
621783400495467, Warning, 0.537360434459142, 200, 0.860948324203491, 8.86162528645415,-621782778710032,4.413418885076, 50.3643051666667, 7.57314716666667, 50.36415, 7.573106
621783400996216, Warning, 0.585842099900348, 200, 0.706944584846497, 6.49053998729403,-621782779210250,4.413418885076, 50.3643051666667, 7.57314716666667, 50.36417, 7.573158
621783401496942, No Risk, 0.298649655265862, 200, 2.34840500354767, 9.76694571488414,-621782779711466,4.784847773644, 50.3642768333333, 7.57316533333333, 50.36417, 7.573158
621783401997340, No Risk, 0.391666274468497, 200, 1.55319404602051, 7.32480178212224,-621782780211810,4.784847773644, 50.3642768333333, 7.57316533333333, 50.364185, 7.573191
621783402498358, No Risk, 0.362325962354262, 200, 1.75994575023651, 4.9504459826262,-621782780712884,4.784847773644, 50.3642381666667, 7.57319266666667, 50.364185, 7.573191
621783408007338, No Risk, 0.0454188292265399, 200, 21.0173002481461, 33.1486852472817,-621782786221855,1.273764443344, 50.364211, 7.57323283333333, 50.364278, 7.573403
621783424532876, No Risk, 0.0342205007854623, 200, 28.2222491502762, 47.7913999663495,-621782802747271,1.622043331932, 50.364481, 7.572982, 50.364107, 7.573001
621783432544092, Warning, 0.456505419139611, 200, 1.19055449962616, 34.2014497639362,-621782810758441,2.75484999762, 50.3644138333333, 7.573055, 50.364082, 7.572929
621783433044999, No Risk, 0.226493364101222, 200, 3.41514039039612, 25.0905736858754,-621782811258794,2.75484999762, 50.3644138333333, 7.573055, 50.364098, 7.572967
621783433546007, No Risk, 0.282951215534474, 200, 2.53417813777924, 21.2565540948305,-621782811760345,3.14325555284, 50.3643995, 7.57307133333333, 50.364098, 7.572967
621783434046141, No Risk, 0.298319393626207, 200, 2.35211193561554, 21.092787915935,-621782812260663,3.14325555284, 50.3643995, 7.57307133333333, 50.36411, 7.572999
621783434546744, No Risk, 0.305050496234783, 200, 2.2781457901001, 19.9501774779135,-621782812761397,3.52137221918, 50.3643551666667, 7.5731165, 50.36411, 7.572999
621783435047198, No Risk, 0.303608286544624, 200, 2.29371774196625, 18.2458909593694,-621782813261740,3.52137221918, 50.3643551666667, 7.5731165, 50.364137, 7.573078
621783435548045, No Risk, 0.24805243569068, 200, 3.03140568733215, 17.2883046612434,-621782813762674,3.52137221918, 50.3643345, 7.573137, 50.364137, 7.573078
621783436087627, No Risk, 0.323793716510353, 200, 2.08838605880737, 15.4744447094775,-621782814302028,3.52137221918, 50.3643345, 7.573137, 50.364148, 7.573112
621783436587598, Warning, 0.515239809303839, 200, 0.940843820571899, 11.4890536666544,-621782814802135,5.25247777324, 50.3642895, 7.57318033333333, 50.364148, 7.573112
621783437087990, Collision, 0.982586705117678, 200, 0.0177218914031982, 8.74217237910007,-621782815302392,5.25247777324, 50.3642895, 7.57318033333333, 50.364159, 7.57314
621783437588034, Warning, 0.619653530343463, 200, 0.613805055618286, 6.86051021481975,-621782815802594,5.001943329012, 50.3642561666667, 7.57321733333333, 50.364159, 7.57314
621783438088438, Collision, 0.76367243740147, 200, 0.309461951255798, 3.88239199959212,-621782816302863,5.001943329012, 50.3642561666667, 7.57321733333333, 50.364184, 7.573206
621783448093078, No Risk, 0.0721286554692666, 200, 12.864115357399, 10.0889512572559,-621782826307401,3.86604999666, 50.3643413333333, 7.57312333333333, 50.364339, 7.573591
621783448593408, No Risk, 0.0752442358688103, 200, 12.2900545597076, 8.2166368698523,-621782826807570,3.86604999666, 50.3643701666667, 7.57309716666667, 50.364339, 7.573591
621783456617179, No Risk, 0.0346989561090888, 200, 27.8193107843399, 34.9726736539962,-621782834831437,1.241354443372, 50.3644676666667, 7.573013, 50.364193, 7.573266
621783457118471, No Risk, 0.0350006255053011, 200, 27.5709179639816, 34.5667923153472,-621782835331756,1.241354443372, 50.3644676666667, 7.573013, 50.364169, 7.573201
621783457617665, No Risk, 0.0331410038102834, 200, 29.1741011142731, 35.3245576289033,-621782835831886,1.241354443372, 50.3644605, 7.57302433333333, 50.364169, 7.573201
621783466632922, No Risk, 0.0689999421011695, 200, 13.4927657842636, 55.4982086813524,-621782844847224,1.921964442784, 50.36443, 7.57304466666667, 50.364038, 7.572824
621783467133101, No Risk, 0.0851409857602685, 200, 10.7452245950699, 38.6692724415758,-621782845347588,1.921964442784, 50.36443, 7.57304466666667, 50.364071, 7.572932
621783467633275, No Risk, 0.125549886380948, 200, 6.96496140956879, 34.7027946449499,-621782845847707,2.130314442604, 50.3643853333333, 7.57308233333333, 50.364071, 7.572932
621783468135657, No Risk, 0.149044175140437, 200, 5.7094202041626, 23.0148606374605,-621782846347972,2.130314442604, 50.3643853333333, 7.57308233333333, 50.364086, 7.572972
621783468635538, No Risk, 0.39880835875584, 200, 1.50747001171112, 18.8882102260359,-621782846848150,3.474043330332, 50.364371, 7.57309333333333, 50.364086, 7.572972
621783469133949, No Risk, 0.353206242758386, 200, 1.83120703697205, 18.7777030509517,-621782847348418,3.474043330332, 50.364371, 7.57309333333333, 50.364107, 7.573034
621783469634030, No Risk, 0.323849167951726, 200, 2.08785724639893, 18.7602282838152,-621782847848488,3.91492221884, 50.36433, 7.5731295, 50.364107, 7.573034
621783470134311, No Risk, 0.403490604540287, 200, 1.47837245464325, 16.0817850445333,-621782848348784,3.91492221884, 50.36433, 7.5731295, 50.364122, 7.573076
621783470635101, No Risk, 0.432655287646431, 200, 1.31130886077881, 11.7198215595106,-621782848849437,3.91492221884, 50.3643118333333, 7.57314783333333, 50.364122, 7.573076
621783471137265, Warning, 0.565374126464917, 200, 0.768740296363831, 8.72453904637531,-621782849349740,3.91492221884, 50.3643118333333, 7.57314783333333, 50.364147, 7.573139
621783471635337, No Risk, 0.31294702845168, 200, 2.19542896747589, 11.644079175797,-621782849849796,4.5142499961, 50.3642878333333, 7.57316766666667, 50.364147, 7.573139
621783472135748, No Risk, 0.428416369078976, 200, 1.33417785167694, 9.26980751129828,-621782850350090,4.5142499961, 50.3642878333333, 7.57316766666667, 50.364163, 7.573174
621783472636004, No Risk, 0.440685823027769, 200, 1.26919031143188, 4.97489595368553,-621782850850223,4.404158885084, 50.3642373333333, 7.57321233333333, 50.364163, 7.573174
621783473136010, Warning, 0.578057220760646, 200, 0.729932546615601, 3.0805445576298,-621782851350527,4.404158885084, 50.3642373333333, 7.57321233333333, 50.364185, 7.573226
621783473638040, No Risk, 0.322283550780204, 200, 2.10285770893097, 2.16327565342757,-621782851850709,1.239296665596, 50.3642121666667, 7.57323433333333, 50.364185, 7.573226
621783503175409, No Risk, 0.252467352420384, 200, 2.96090817451477, 25.9806041454785,-621782881389726,1.683262220768, 50.3644193333333, 7.5730665, 50.364064, 7.572901
621783503676479, Warning, 0.518328005429568, 200, 0.929280281066895, 23.682958747714,-621782881890906,2.212625553644, 50.3644073333333, 7.573074, 50.364064, 7.572901
621783504176909, No Risk, 0.276373823128368, 200, 2.61828768253326, 22.2248829572762,-621782882391236,2.212625553644, 50.3644073333333, 7.573074, 50.364074, 7.572926
621783504677908, No Risk, 0.294670752134381, 200, 2.39361810684204, 23.6461474789997,-621782882892310,2.409143331252, 50.364396, 7.57308333333333, 50.364074, 7.572926
621783505178165, No Risk, 0.178370568148609, 200, 4.6063060760498, 24.1669689501052,-621782883392630,2.409143331252, 50.364396, 7.57308333333333, 50.364104, 7.573009
621783505679202, No Risk, 0.176954375638178, 200, 4.65117418766022, 21.7818496396172,-621782883893595,2.406571109032, 50.3643671666667, 7.57310633333333, 50.364104, 7.573009
621783506179611, No Risk, 0.162562796181299, 200, 5.15146899223328, 20.5778490230564,-621782884393892,2.406571109032, 50.3643671666667, 7.57310633333333, 50.364104, 7.573009
621783506680615, No Risk, 0.156838613994151, 200, 5.37598085403442, 18.6687511997283,-621782884894993,2.406571109032, 50.3643613333333, 7.57311033333333, 50.364104, 7.573009
621783507181952, No Risk, 0.173212930576796, 200, 4.77324104309082, 17.8871158607656,-621782885395308,2.406571109032, 50.3643613333333, 7.57311033333333, 50.364136, 7.5731
621783507682022, No Risk, 0.25741017855202, 200, 2.88485026359558, 18.0958328047099,-621782885896272,4.050735552056, 50.364333, 7.57312933333333, 50.364136, 7.5731
621783508183604, No Risk, 0.281907172827893, 200, 2.54726696014404, 15.8684838143557,-621782886396498,4.050735552056, 50.364333, 7.57312933333333, 50.364156, 7.573156
621783508684405, No Risk, 0.266338210914795, 200, 2.75462460517883, 12.0566586727889,-621782886897907,3.91749444106, 50.3642863333333, 7.5731675, 50.364156, 7.573156
621783509184587, No Risk, 0.332643746366186, 200, 2.00621914863586, 10.0968791695166,-621782887398196,3.91749444106, 50.3642863333333, 7.5731675, 50.364171, 7.573196
621783509684548, No Risk, 0.285131264742866, 200, 2.50715661048889, 8.13444469544975,-621782887899137,3.91749444106, 50.3642863333333, 7.5731675, 50.364171, 7.573196
621783510185019, No Risk, 0.379227831822567, 200, 1.63693726062775, 6.15872896105752,-621782888399439,3.91749444106, 50.3642863333333, 7.5731675, 50.364183, 7.573227
621783510685821, No Risk, 0.412061747015176, 200, 1.42682075500488, 3.10897597892677,-621782888900403,2.843848886432, 50.3642148333333, 7.57322533333333, 50.364183, 7.573227
621783526710310, No Risk, 0.0647148509517404, 200, 14.4524036645889, 50.1788328907778,-621782904924774,2.204908886984, 50.3644616666667, 7.57301033333333, 50.364229, 7.573373
621783527210702, No Risk, 0.14519999338789, 200, 5.88705265522003, 35.1039429112521,-621782905425093,2.204908886984, 50.3644616666667, 7.57301033333333, 50.364217, 7.573297
621783527712001, No Risk, 0.0814935135651121, 200, 11.2709152698517, 28.5660656268212,-621782905926230,2.102019998184, 50.3644516666667, 7.573015, 50.364217, 7.573297
621783528212352, No Risk, 0.0679296597085705, 200, 13.7211101055145, 31.5955877339067,-621782906426546,2.102019998184, 50.3644516666667, 7.573015, 50.364196, 7.573253
621783528713420, No Risk, 0.0590142013699729, 200, 15.9450738430023, 34.007879672075,-621782906927751,2.102019998184, 50.364447, 7.57302166666667, 50.364196, 7.573253
621783529213692, No Risk, 0.0611719844187843, 200, 15.3473526239395, 32.7427129222637,-621782907428066,2.102019998184, 50.364447, 7.57302166666667, 50.364173, 7.573206
621783529714451, No Risk, 0.0602384486946112, 200, 15.6006931066513, 31.6898347255669,-621782907928954,2.102019998184, 50.364447, 7.57302166666667, 50.364173, 7.573206
621783543237032, No Risk, 0.0652139368967643, 200, 14.3341455459595, 31.2207573010897,-621782921451408,1.218718887836, 50.364416, 7.57306533333333, 50.364092, 7.57297
621783543737833, No Risk, 0.0655019563816387, 200, 14.2667195796967, 29.8471554509871,-621782921952370,1.218718887836, 50.3644108333333, 7.57307133333333, 50.364092, 7.57297
621783544238694, No Risk, 0.0702094868103696, 200, 13.2430894374847, 26.4184020906685,-621782922452724,1.218718887836, 50.3644108333333, 7.57307133333333, 50.364105, 7.573006
621783544740710, No Risk, 0.26190408767119, 200, 2.8181916475296, 22.5310514070628,-621782922954132,2.535182220032, 50.364379, 7.57311316666667, 50.364105, 7.573006
621783545241000, No Risk, 0.367036523525213, 200, 1.72452449798584, 19.8611786174836,-621782923454463,2.535182220032, 50.364379, 7.57311316666667, 50.364115, 7.573027
621783545741043, No Risk, 0.350444768990376, 200, 1.85351669788361, 17.6202328099176,-621782923955412,2.535182220032, 50.3643545, 7.57314433333333, 50.364115, 7.573027
621783546242399, No Risk, 0.225064334409341, 200, 3.44317400455475, 19.1611644996659,-621782924455743,2.535182220032, 50.3643545, 7.57314433333333, 50.364141, 7.5731
621783546743891, No Risk, 0.353885422922123, 200, 1.82577335834503, 16.8617070781149,-621782924957146,3.681878885708, 50.3643305, 7.57317116666667, 50.364141, 7.5731
621783547243237, No Risk, 0.367157104802275, 200, 1.72362971305847, 14.936210254623,-621782925457547,3.681878885708, 50.3643305, 7.57317116666667, 50.364162, 7.573164
621783547744273, No Risk, 0.416437174520698, 200, 1.40132260322571, 10.4958291299027,-621782925958652,3.676734441268, 50.3643105, 7.57319266666667, 50.364162, 7.573164
621783548245443, Warning, 0.670218107105043, 200, 0.492051601409912, 7.52641869452845,-621782926458994,3.676734441268, 50.3643105, 7.57319266666667, 50.364181, 7.573205
621783548745348, No Risk, 0.364286875010802, 200, 1.74508929252625, 7.29780612171282,-621782926959886,4.235935551896, 50.3642665, 7.57323266666667, 50.364181, 7.573205
621783549245780, Warning, 0.504609157463039, 200, 0.981731772422791, 4.72026492510927,-621782927460202,4.235935551896, 50.3642665, 7.57323266666667, 50.364204, 7.573255
621783566770359, No Risk, 0.0483858451090319, 200, 19.6672012805939, 32.0054380029715,-621782944984836,1.626158887484, 50.3644456666667, 7.57303566666667, 50.364208, 7.573279
621783567270795, No Risk, 0.0505901710590966, 200, 18.7666854858398, 31.0106109549041,-621782945485139,1.626158887484, 50.3644456666667, 7.57303566666667, 50.364194, 7.573241
621783577788381, No Risk, 0.0959795975986611, 200, 9.41888093948364, 32.5512797532889,-621782956002717,1.84428333174, 50.3644205, 7.57306166666667, 50.364064, 7.572887
621783578290641, No Risk, 0.121669107221179, 200, 7.21901321411133, 25.0718392235273,-621782956502970,1.84428333174, 50.3644205, 7.57306166666667, 50.364089, 7.572947
621783578788587, No Risk, 0.334779656482222, 200, 1.98703932762146, 22.7893916367762,-621782957003086,2.969887775212, 50.364397, 7.573086, 50.364089, 7.572947
621783579288962, Warning, 0.485543228389972, 200, 1.05954885482788, 22.2809589052365,-621782957503385,2.969887775212, 50.364397, 7.573086, 50.364094, 7.572961
621783579789833, No Risk, 0.435519446496358, 200, 1.29610872268677, 20.2238309974787,-621782958004337,2.969887775212, 50.3643711666667, 7.5731155, 50.364094, 7.572961
621783580290182, Warning, 0.459845181327473, 200, 1.174644947052, 19.2186855846868,-621782958504594,2.969887775212, 50.3643711666667, 7.5731155, 50.364111, 7.573006
621783580791372, No Risk, 0.356989173730395, 200, 1.80120539665222, 18.1000591408492,-621782959005629,2.969887775212, 50.3643511666667, 7.57313466666667, 50.364111, 7.573006
621783581291842, No Risk, 0.390957529979977, 200, 1.5578225851059, 17.1753325721259,-621782959505949,2.969887775212, 50.3643511666667, 7.57313466666667, 50.364126, 7.573047
621783581792654, Collision, 0.71487197492505, 200, 0.398851871490479, 15.3465538512035,-621782960006946,4.091891107576, 50.3643261666667, 7.57316083333333, 50.364126, 7.573047
621783582292850, Collision, 0.901665014235558, 200, 0.10905933380127, 12.8490281573349,-621782960507211,4.091891107576, 50.3643261666667, 7.57316083333333, 50.364146, 7.5731
621783582794083, Collision, 0.795020431814169, 200, 0.257829308509827, 10.1338339307,-621782961008442,4.091891107576, 50.3642896666667, 7.573196, 50.364146, 7.5731
621783583294471, Warning, 0.452525953487178, 200, 1.20981800556183, 8.08606813261975,-621782961508887,4.091891107576, 50.3642896666667, 7.573196, 50.364146, 7.5731
621783583795153, No Risk, 0.444943080268109, 200, 1.24747848510742, 2.91944716413178,-621782962009658,4.188606663048, 50.3642653333333, 7.57321566666667, 50.364146, 7.5731
621783611838809, No Risk, 0.24174154261308, 200, 3.13664937019348, 35.8472078681552,-621782990053102,2.1220833315, 50.3644251666667, 7.57306766666667, 50.36407, 7.572897
621783612339160, No Risk, 0.215659060231179, 200, 3.63694870471954, 34.7855282001212,-621782990553404,2.1220833315, 50.3644251666667, 7.57306766666667, 50.36407, 7.572897
621783612840091, No Risk, 0.186592274803363, 200, 4.35927867889404, 25.5897650362367,-621782991054392,2.076297775984, 50.3644106666667, 7.57308183333333, 50.364082, 7.57293
621783613340583, No Risk, 0.170659437806203, 200, 4.85962319374084, 24.550901799489,-621782991554736,2.076297775984, 50.3644106666667, 7.57308183333333, 50.364082, 7.57293
621783613843963, No Risk, 0.388019575158611, 200, 1.5771895647049, 23.8125593691557,-621782992055833,2.720382219872, 50.3643961666667, 7.573093, 50.364082, 7.57293
621783614343078, No Risk, 0.324929799256124, 200, 2.07758784294128, 22.451279769654,-621782992556233,2.720382219872, 50.3643961666667, 7.573093, 50.364082, 7.57293
621783614843312, Warning, 0.657246090891455, 200, 0.521500110626221, 16.9656274248294,-621782993057428,3.790426663392, 50.3643365, 7.5731365, 50.364118, 7.573023
621783615343364, Warning, 0.49461327471046, 200, 1.02178156375885, 15.0693272339359,-621782993557714,3.790426663392, 50.3643365, 7.5731365, 50.364118, 7.573023
621783615844475, No Risk, 0.264775253729295, 200, 2.77678799629211, 13.2302807853964,-621782994058783,3.875309996652, 50.3643063333333, 7.57316, 50.364162, 7.573137
621783616344928, No Risk, 0.233802875706295, 200, 3.27710735797882, 11.2913718752364,-621782994559106,3.875309996652, 50.3643063333333, 7.57316, 50.364162, 7.573137
621783616845558, No Risk, 0.361228115858664, 200, 1.76833379268646, 10.0449528380377,-621782995060019,4.40621666286, 50.3642833333333, 7.57318133333333, 50.364176, 7.573174
621783617346133, No Risk, 0.305938225162456, 200, 2.26863372325897, 7.84050068446994,-621782995560324,4.40621666286, 50.3642833333333, 7.57318133333333, 50.364176, 7.573174
621783617847158, No Risk, 0.390537516747831, 200, 1.56057345867157, 5.93695949683612,-621782996061474,4.558492218284, 50.3642521666667, 7.57321, 50.3642, 7.573236
621783618347494, Warning, 0.485372557480916, 200, 1.0602730512619, 3.65632264644335,-621782996561779,4.558492218284, 50.3642521666667, 7.57321, 50.3642, 7.573236
621783639896243, No Risk, 0.0421387441265722, 200, 22.7311296463013, 44.9764420572268,-621783018108069,1.960547776084, 50.3644585, 7.57302616666667, 50.364083, 7.572972
621783640395783, No Risk, 0.0412686613760942, 200, 23.2314620018005, 43.9955119255677,-621783018608402,1.960547776084, 50.3644585, 7.57302616666667, 50.364083, 7.572972
621783649908618, Collision, 0.998119559107764, 200, 0.00188398361206055, 19.9741775911983,-621783028122895,3.699369996804, 50.3643675, 7.57312233333333, 50.364105, 7.57299
621783650409021, Warning, 0.66736639060905, 200, 0.498427271842957, 18.1233269115862,-621783028623210,3.699369996804, 50.3643675, 7.57312233333333, 50.364105, 7.57299
621783650911410, No Risk, 0.299965024496262, 200, 2.3337219953537, 15.8562047071892,-621783029124581,3.699369996804, 50.3643618333333, 7.57312833333333, 50.364161, 7.573134
621783651411234, No Risk, 0.260821196398491, 200, 2.83404421806335, 14.0053137330417,-621783029624907,3.699369996804, 50.3643618333333, 7.57312833333333, 50.364161, 7.573134
621783651911598, No Risk, 0.264031054700858, 200, 2.78743326663971, 15.5335278917652,-621783030125882,4.259085551876, 50.3643306666667, 7.57315583333333, 50.364176, 7.573173
621783652412057, No Risk, 0.233223246112734, 200, 3.28773725032806, 13.4026672941025,-621783030626190,4.259085551876, 50.3643306666667, 7.57315583333333, 50.364176, 7.573173
621783652913441, No Risk, 0.258123087602866, 200, 2.87412071228027, 13.6092071525796,-621783031127342,4.173687774172, 50.3643173333333, 7.57316783333333, 50.364192, 7.573212
621783653413689, No Risk, 0.228605588451033, 200, 3.3743462562561, 11.5214032968987,-621783031627572,4.173687774172, 50.3643173333333, 7.57316783333333, 50.364192, 7.573212
621783658923814, No Risk, 0.0516090975420919, 200, 18.3764287233353, 21.2940031916417,-621783037136374,1.16007222122, 50.3642228333333, 7.5732735, 50.364303, 7.573507
621783659422846, No Risk, 0.0514909667033993, 200, 18.4208822250366, 20.7138258690589,-621783037636686,1.16007222122, 50.3642228333333, 7.5732735, 50.364303, 7.573507
621783683976550, No Risk, 0.0769781599937673, 200, 11.9906976222992, 27.9807428628652,-621783062188048,1.09576666572, 50.3644421666667, 7.573062, 50.364073, 7.572903
621783684974807, No Risk, 0.222071637902911, 200, 3.50305140018463, 27.1143059896005,-621783063188428,1.787179998456, 50.3644301666667, 7.57307016666667, 50.36408, 7.57293
621783685475212, No Risk, 0.199866003226978, 200, 4.00335216522217, 26.2201800427605,-621783063688728,1.787179998456, 50.3644301666667, 7.57307016666667, 50.36408, 7.57293
621783685976347, No Risk, 0.149833534826493, 200, 5.67407333850861, 27.1045551364069,-621783064188905,2.0706388871, 50.3644156666667, 7.57308166666667, 50.364092, 7.572961
621783686474963, No Risk, 0.139384731133913, 200, 6.17438697814941, 26.0685833019973,-621783064689220,2.0706388871, 50.3644156666667, 7.57308166666667, 50.364092, 7.572961
621783686975362, No Risk, 0.155319543001852, 200, 5.43833982944489, 23.4505933588362,-621783065189330,1.999131109384, 50.3643998333333, 7.57309533333333, 50.364103, 7.572992
621783687475495, No Risk, 0.144120667192528, 200, 5.93863010406494, 22.4504419554546,-621783065689623,1.999131109384, 50.3643998333333, 7.57309533333333, 50.364103, 7.572992
621783687975806, No Risk, 0.112975037181554, 200, 7.85151290893555, 23.384793971434,-621783066189754,1.999131109384, 50.364383, 7.573111, 50.364126, 7.573057
621783688476373, No Risk, 0.106930892429774, 200, 8.35183441638947, 22.3845846925332,-621783066690076,1.999131109384, 50.364383, 7.573111, 50.364126, 7.573057
621783688977198, No Risk, 0.141175457654783, 200, 6.08338415622711, 22.8349785726716,-621783067190505,2.53878333114, 50.3643793333333, 7.57311483333333, 50.36414, 7.573096
621783689476531, No Risk, 0.131861993444098, 200, 6.58368635177612, 21.5648149499451,-621783067690809,2.53878333114, 50.3643793333333, 7.57311483333333, 50.36414, 7.573096
621783689977699, No Risk, 0.141385554868417, 200, 6.07285833358765, 19.908298083802,-621783068190830,2.53878333114, 50.3643793333333, 7.57311483333333, 50.364162, 7.573149
621783690477631, No Risk, 0.13204074997236, 200, 6.57341957092285, 18.6374769055972,-621783068691393,2.53878333114, 50.3643793333333, 7.57311483333333, 50.364162, 7.573149
621783690979558, No Risk, 0.303493741980638, 200, 2.29496085643768, 11.5852661714987,-621783069191441,3.784253330064, 50.3642943333333, 7.57317933333333, 50.364178, 7.573192
621783691477900, No Risk, 0.263483401403321, 200, 2.79530549049377, 9.69181840635471,-621783069691790,3.784253330064, 50.3642943333333, 7.57317933333333, 50.364178, 7.573192
621783691978410, No Risk, 0.359866841759426, 200, 1.77880561351776, 8.62606173866948,-621783070191827,3.784253330064, 50.3642701666667, 7.573201, 50.36419, 7.573224
621783692478655, No Risk, 0.304958295940357, 200, 2.27913689613342, 6.73266385140651,-621783070692163,3.784253330064, 50.3642701666667, 7.573201, 50.36419, 7.573224
621783723051739, No Risk, 0.105447209389391, 200, 8.48341834545135, 29.9886103225664,-621783101265755,1.884924442816, 50.3644236666667, 7.57306783333333, 50.36409, 7.572941
621783723552048, No Risk, 0.100163188013346, 200, 8.98370778560638, 29.0456012531822,-621783101766045,1.884924442816, 50.3644236666667, 7.57306783333333, 50.36409, 7.572941
621783724057693, No Risk, 0.174616781621321, 200, 4.72682642936707, 24.6845941556573,-621783102266672,2.584054442212, 50.3644061666667, 7.573088, 50.364117, 7.57301
621783724578516, No Risk, 0.159929318957337, 200, 5.25276219844818, 23.3255413171385,-621783102792610,2.584054442212, 50.3644061666667, 7.573088, 50.364117, 7.57301
621783725079481, Warning, 0.510322607216405, 200, 0.959544777870178, 17.6479642688685,-621783103292800,3.271352219396, 50.3643543333333, 7.5731315, 50.364127, 7.573034
621783725578949, No Risk, 0.406533392373651, 200, 1.45982253551483, 16.0113717608158,-621783103793080,3.271352219396, 50.3643543333333, 7.5731315, 50.364127, 7.573034
621783726079655, Warning, 0.519556142432793, 200, 0.92471981048584, 15.5857120157337,-621783104293216,3.430829997036, 50.3643373333333, 7.57314616666667, 50.364141, 7.573071
621783726581079, No Risk, 0.412360743094134, 200, 1.42506110668182, 13.8691162793334,-621783104793560,3.430829997036, 50.3643373333333, 7.57314616666667, 50.364141, 7.573071
621783727082772, Collision, 0.885265627451967, 200, 0.129604458808899, 13.8560328657436,-621783105293691,3.391217774848, 50.3643153333333, 7.57316566666667, 50.364155, 7.57311
621783727591205, Warning, 0.6097268958748, 200, 0.640078544616699, 12.1248872701469,-621783105804170,3.391217774848, 50.3643153333333, 7.57316566666667, 50.364155, 7.57311
621783728090122, Collision, 0.737022430813388, 200, 0.356810808181763, 10.282907643823,-621783106304373,3.422598885932, 50.3642881666667, 7.5731895, 50.364164, 7.573133
621783728590387, Collision, 0.874524157500101, 200, 0.143478989601135, 8.57060538615397,-621783106804666,3.422598885932, 50.3642881666667, 7.5731895, 50.364164, 7.573133
621783729090642, Collision, 0.893537522607108, 200, 0.119147181510925, 5.93015127514543,-621783107304823,2.8937499975, 50.364257, 7.573217, 50.364176, 7.573164
621783729591040, Warning, 0.617482740370566, 200, 0.619478464126587, 4.48230662244478,-621783107805158,2.8937499975, 50.364257, 7.573217, 50.364176, 7.573164
621783730091109, Warning, 0.515721828200968, 200, 0.939029812812805, 3.86607713204129,-621783108305246,2.736329997636, 50.364243, 7.57323, 50.364197, 7.573218
621783730591476, No Risk, 0.409948816800858, 200, 1.43932890892029, 2.49708276404223,-621783108805550,2.736329997636, 50.364243, 7.57323, 50.364197, 7.573218
621783760626188, No Risk, 0.164093225974169, 200, 5.0940967798233, 24.167550090723,-621783138840377,1.71824444296, 50.3644221666667, 7.5730825, 50.364074, 7.572909
621783761126362, No Risk, 0.358497969898097, 200, 1.78941607475281, 23.3313499493203,-621783139340497,2.562962220008, 50.3644078333333, 7.5730945, 50.364074, 7.572909
621783761629255, No Risk, 0.210300471469612, 200, 3.75510108470917, 23.9018224609974,-621783139840796,2.562962220008, 50.3644078333333, 7.5730945, 50.364103, 7.572982
621783762129327, No Risk, 0.345520335145261, 200, 1.89418566226959, 20.0301292500638,-621783140340918,2.912269997484, 50.3643908333333, 7.57311166666667, 50.364103, 7.572982
621783762627192, No Risk, 0.442501242136717, 200, 1.25988066196442, 17.3236243718247,-621783140841216,2.912269997484, 50.3643908333333, 7.57311166666667, 50.364118, 7.573018
621783763127819, No Risk, 0.248868690754824, 200, 3.01818323135376, 18.9491861956092,-621783141341369,2.913298886372, 50.3643695, 7.573132, 50.364118, 7.573018
621783763630170, No Risk, 0.24570745363743, 200, 3.06988060474396, 17.9786744019302,-621783141841667,2.913298886372, 50.3643695, 7.573132, 50.36414, 7.573083
621783764130101, No Risk, 0.309877592815705, 200, 2.22708070278168, 15.9003409186061,-621783142341798,3.548637774712, 50.3643423333333, 7.57315733333333, 50.36414, 7.573083
621783764628315, No Risk, 0.277204576623831, 200, 2.60744404792786, 14.9766687819884,-621783142842095,3.548637774712, 50.3643423333333, 7.57315733333333, 50.364161, 7.573142
621783765128662, No Risk, 0.345271345786046, 200, 1.89627277851105, 9.58958046561454,-621783143342246,4.181404440832, 50.3642866666667, 7.57320866666667, 50.364161, 7.573142
621783765628531, Warning, 0.471173601182589, 200, 1.12235999107361, 7.0992102282265,-621783143842530,4.181404440832, 50.3642866666667, 7.57320866666667, 50.364178, 7.573184
621783766129191, No Risk, 0.412560605816191, 200, 1.4238862991333, 4.2547332796703,-621783144342686,4.281206662968, 50.3642475, 7.57324166666667, 50.364178, 7.573184
621783766628871, Warning, 0.533004048643705, 200, 0.876158356666565, 2.21550724211369,-621783144842957,4.281206662968, 50.3642475, 7.57324166666667, 50.364199, 7.573238
621783767129351, Warning, 0.46747495111039, 200, 1.13915205001831, 2.42798370444333,-621783145343131,4.281206662968, 50.3642313333333, 7.57325233333333, 50.364199, 7.573238
621783777634544, No Risk, 0.0564531769172342, 200, 16.7137949466705, 2.09543978438285,-621783155848664,0.095686666584, 50.364244, 7.57324383333333, 50.364303, 7.573541
621783778135506, No Risk, 0.049105928568451, 200, 19.3641399145126, 2.25225192388645,-621783156349616,0.095686666584, 50.3642431666667, 7.57324366666667, 50.364303, 7.573541
