time, latitude, longitude, err_major, err_semi_major, error_semi_minor, altitude, err_altitude, move_direction_horizontal, err_move_direction_horizontal, move_speed_horizontal, error_move_speed_horizontal, 
610378680.8, 50.3648763333333, 7.575046, 0, 0, 0, 134.41, 0, 0, nan, 0, nan
610378681.4, 50.3648763333333, 7.575046, 0, 0, 0, 134.41, 0, 0, nan, 0, nan
610378681.9, 50.3648763333333, 7.575046, 0, 0, 0, 134.41, 0, 0, nan, 0, nan
610378682.4, 50.3648763333333, 7.575046, 0, 0, 0, 134.41, 0, 0, nan, 0, nan
610378682.9, 50.3648763333333, 7.575046, 0, 0, 0, 134.41, 0, 0, nan, 0, nan
610378683.4, 50.3648763333333, 7.575046, 0, 0, 0, 134.41, 0, 0, nan, 0, nan
610379384.84, 50.3648763333333, 7.575046, 0, 0, 0, 134.41, 0, 0, nan, 0, nan
610379385.4, 50.3648763333333, 7.575046, 0, 0, 0, 134.41, 0, 0, nan, 0, nan
610379385.9, 50.3648763333333, 7.575046, 0, 0, 0, 134.41, 0, 0, nan, 0, nan
610379386.4, 50.3648763333333, 7.575046, 0, 0, 0, 134.41, 0, 0, nan, 0, nan
610379386.9, 50.3648763333333, 7.575046, 0, 0, 0, 134.41, 0, 0, nan, 0, nan
610379387.4, 50.3648763333333, 7.575046, 0, 0, 0, 134.41, 0, 0, nan, 0, nan
610379387.9, 50.3648763333333, 7.575046, 0, 0, 0, 134.41, 0, 0, nan, 0, nan
610379388.4, 50.3648763333333, 7.575046, 0, 0, 0, 134.41, 0, 0, nan, 0, nan
610379388.9, 50.3648763333333, 7.575046, 0, 0, 0, 134.41, 0, 0, nan, 0, nan
610379389.4, 50.3648763333333, 7.575046, 0, 0, 0, 134.41, 0, 0, nan, 0, nan
610379389.9, 50.3648763333333, 7.575046, 0, 0, 0, 134.41, 0, 0, nan, 0, nan
610379390.4, 50.3650043333333, 7.5743845, 0.600000000000023, 70.7, 70.7, 115.16, 70.7, 332.1, nan, 6.3276666612, nan
610379390.9, 50.3650285, 7.574372, 90.7, 58.1, 30.6, 114.69, 48.1, 330.7, nan, 6.3791111056, nan
610379391.4, 50.3650541666667, 7.574351, 90.7, 58.1, 30.6, 114.6, 48.2, 333.4, nan, 6.6363333276, nan
610379391.9, 50.365085, 7.57433316666667, 90.6, 54.2, 24.9, 114.57, 44.4, 334.5, nan, 6.7392222164, nan
610379392.4, 50.365113, 7.574313, 90.6, 54.2, 25, 114.47, 44.4, 336.9, nan, 7.1507777716, nan
610379392.9, 50.365143, 7.574291, 90.6, 51.1, 23, 114.15, 41.9, 333.8, nan, 6.9964444384, nan
610379393.4, 50.3651711666667, 7.5742695, 90.6, 51.1, 23.1, 114.09, 42, 332.8, nan, 6.8421111052, nan
610379393.9, 50.3652076666667, 7.57424733333333, 90.6, 48.3, 18.9, 113.52, 39.6, 335.4, nan, 6.9964444384, nan
610379394.4, 50.3652355, 7.574228, 90.6, 48.3, 19.1, 113.47, 39.7, 336.3, nan, 6.687777772, nan
610379394.9, 50.3652698333333, 7.57420783333333, 90.6, 43.6, 17, 111.22, 36.3, 335.2, nan, 6.7906666608, nan
610379395.4, 50.3652975, 7.57418866666667, 90.6, 43.7, 17.2, 111.16, 36.3, 335, nan, 6.7392222164, nan
610379395.9, 50.3653163333333, 7.5741595, 90.6, 38.6, 16, 113.57, 33.3, 335.8, nan, 6.7392222164, nan
610379396.4, 50.3653446666667, 7.57413966666667, 90.6, 38.7, 16.1, 113.51, 33.4, 336.7, nan, 6.7392222164, nan
610379396.9, 50.3653646666667, 7.57411416666667, 90.7, 34.5, 15.2, 114.58, 30.7, 332.9, nan, 7.4079999936, nan
610379397.4, 50.365394, 7.57409166666667, 90.7, 34.5, 15.4, 114.48, 30.8, 334.7, nan, 7.1507777716, nan
610379397.9, 50.3654175, 7.57406783333333, 90.7, 30.4, 14.9, 114.71, 28, 337.5, nan, 6.9964444384, nan
610379398.4, 50.3654466666667, 7.57404816666667, 90.7, 30.5, 15.1, 114.61, 28.1, 335.6, nan, 7.0993333272, nan
610379398.9, 50.3654681666667, 7.57402483333333, 90.7, 27.6, 14.7, 115.85, 26.1, 336.5, nan, 6.7906666608, nan
610379399.4, 50.3654955, 7.57400516666667, 90.7, 27.6, 14.9, 115.75, 26.1, 335.2, nan, 6.43055555, nan
610379399.9, 50.3655173333333, 7.57398783333333, 359.2, 24.8, 14.4, 115.06, 24.1, 330.3, nan, 5.2473333288, nan
610379400.4, 50.3655348333333, 7.57397066666667, 359.2, 24.8, 14.6, 114.99, 24.2, 326, nan, 4.2184444408, nan
610379400.9, 50.3655461666667, 7.57395366666667, 359.3, 22.9, 14.1, 114.81, 22.7, 315.4, nan, 3.7554444412, nan
610379401.4, 50.3655568333333, 7.57393633333333, 359.3, 23, 14.3, 114.74, 22.8, 315.9, nan, 3.1381111084, nan
610379401.9, 50.3655665, 7.5739195, 359.3, 21.5, 14, 114.01, 21.8, 308.3, nan, 2.0063333316, nan
610379402.4, 50.3655758333333, 7.57390666666667, 359.3, 21.6, 14.2, 113.94, 21.9, 314.3, nan, 2.2121111092, nan
610379402.9, 50.365584, 7.57389216666667, 359.4, 20.6, 14, 113.68, 21.2, 322.4, nan, 2.7779999976, nan
610379403.4, 50.3655951666667, 7.57388033333333, 359.4, 20.6, 14.3, 113.59, 21.2, 323.6, nan, 3.086666664, nan
610379403.9, 50.3656096666667, 7.573866, 359.4, 20.2, 14.1, 112.98, 20.6, 332, nan, 2.57222222, nan
610379404.4, 50.3656205, 7.57385933333333, 359.4, 20.2, 14.3, 112.89, 20.7, 340.8, nan, 2.6236666644, nan
610379404.9, 50.3656318333333, 7.5738515, 359.4, 19.3, 13.6, 112.37, 19.9, 347.8, nan, 1.6976666652, nan
610379405.4, 50.3656396666667, 7.57384766666667, 359.4, 19.4, 13.8, 112.31, 20, 337, nan, 1.9034444428, nan
610379405.9, 50.3656478333333, 7.57384216666667, 359.4, 18.1, 12.2, 111.61, 18.6, 340.9, nan, 1.9548888872, nan
610379406.4, 50.365657, 7.573837, 359.4, 18.2, 12.3, 111.57, 18.7, 345.6, nan, 2.3664444424, nan
610379406.9, 50.3656531666667, 7.57383283333333, 359.4, 16.5, 10.5, 111.45, 17, 345, nan, 2.5207777756, nan
610379407.4, 50.365665, 7.57382866666667, 359.4, 16.6, 10.7, 111.41, 17, 347.7, nan, 2.7779999976, nan
610379407.9, 50.3656711666667, 7.573825, 359.4, 15.8, 9.9, 111.54, 16.3, 352.7, nan, 2.9837777752, nan
610379408.4, 50.3656841666667, 7.57382216666667, 359.4, 15.9, 10.1, 111.51, 16.4, 354.6, nan, 2.9323333308, nan
610379408.9, 50.3656908333333, 7.57381466666667, 359.4, 15.2, 9.5, 111.64, 15.8, 348, nan, 2.57222222, nan
610379409.4, 50.3657005, 7.57380833333333, 359.4, 15.3, 9.7, 111.63, 15.9, 337.5, nan, 2.7779999976, nan
610379409.9, 50.3657043333333, 7.573797, 359.4, 13.8, 8.5, 110.86, 14.5, 335.4, nan, 2.5207777756, nan
610379410.4, 50.3657161666667, 7.57378866666667, 359.4, 13.9, 8.7, 110.84, 14.6, 338.3, nan, 2.9323333308, nan
610379410.9, 50.3657235, 7.5737785, 359.4, 12.6, 7.6, 110.74, 13.4, 347.2, nan, 3.4467777748, nan
610379411.4, 50.3657395, 7.573775, 359.4, 12.7, 7.8, 110.72, 13.5, 354.8, nan, 3.7554444412, nan
610379411.9, 50.3657541666667, 7.573777, 359.4, 11.7, 7.3, 110.07, 12.6, 359.8, nan, 4.0126666632, nan
610379412.5, 50.3657766666667, 7.57377416666667, 359.4, 11.8, 7.6, 110.03, 12.7, 358.8, nan, 4.1669999964, nan
610379412.9, 50.3657903333333, 7.57377616666667, 359.4, 11, 7.1, 109.72, 11.9, 357.2, nan, 4.4756666628, nan
610379413.5, 50.3658143333333, 7.57377183333333, 359.4, 11.1, 7.5, 109.69, 12.1, 353.4, nan, 4.6814444404, nan
610379413.9, 50.3658283333333, 7.573776, 359.4, 10.2, 6.9, 109.73, 11.3, 346.7, nan, 5.0415555512, nan
610379414.5, 50.3658553333333, 7.57376633333333, 359.4, 10.4, 7.2, 109.69, 11.4, 346.7, nan, 4.8357777736, nan
610379414.9, 50.3658726666667, 7.573761, 359.4, 10.3, 7.1, 109.76, 11.3, 337.4, nan, 5.0929999956, nan
610379415.5, 50.3658983333333, 7.573745, 359.4, 10.5, 7.5, 109.69, 11.5, 335.8, nan, 5.2473333288, nan
610379415.9, 50.3659158333333, 7.57373683333333, 359.4, 10.4, 7.4, 109.64, 11.3, 332.5, nan, 5.2473333288, nan
610379416.5, 50.3659431666667, 7.57371716666667, 359.4, 10.6, 7.7, 109.53, 11.5, 319.4, nan, 4.887222218, nan
610379416.9, 50.3659571666667, 7.57370583333333, 359.4, 10.5, 7.6, 109.48, 11.4, 320.9, nan, 4.9386666624, nan
610379417.5, 50.3659883333333, 7.57368866666667, 359.5, 10.7, 8, 109.36, 11.5, 339.1, nan, 6.2762222168, nan
610379417.9, 50.3660061666667, 7.57367733333333, 359.5, 10.7, 8, 109.32, 11.4, 333, nan, 5.9675555504, nan
610379418.5, 50.3660433333333, 7.57366733333333, 359.5, 10.8, 8.4, 109.23, 11.6, 347.4, nan, 6.173333328, nan
610379418.9, 50.3660661666667, 7.57365283333333, 359.5, 10.8, 8.3, 109.16, 11.5, 330.9, nan, 6.944999994, nan
610379419.5, 50.366096, 7.5736415, 359.5, 10.9, 8.7, 109.1, 11.7, 340, nan, 6.1218888836, nan
610379419.9, 50.3661168333333, 7.57362883333333, 359.5, 10.9, 8.6, 109.08, 11.5, 342.6, nan, 5.7617777728, nan
610379420.5, 50.3661456666667, 7.57361116666667, 359.5, 11.1, 9, 109.07, 11.7, 343, nan, 5.2473333288, nan
610379421.1, 50.3661738333333, 7.57359533333333, 359.4, 11.1, 9, 109.15, 11.7, 334.3, nan, 4.887222218, nan
610379421.6, 50.3661931666667, 7.5735835, 359.5, 11.2, 9.3, 109.13, 11.8, 337.8, nan, 4.4242222184, nan
610379422.1, 50.366215, 7.57357316666667, 359.4, 11.2, 9.3, 109.18, 11.7, 340.4, nan, 4.9386666624, nan
610379422.6, 50.3662351666667, 7.57356133333333, 359.4, 11.3, 9.6, 109.15, 11.9, 336.4, nan, 5.1958888844, nan
610379423.1, 50.3662608333333, 7.573553, 359.4, 11.3, 9.5, 109.15, 11.9, 350.7, nan, 5.916111106, nan
610379423.6, 50.366285, 7.57354583333333, 359.4, 11.4, 9.8, 109.17, 12.1, 338.5, nan, 6.0189999948, nan
610379424.1, 50.3663121666667, 7.57353133333333, 359.4, 11.4, 9.6, 109.21, 12, 351.2, nan, 5.401666662, nan
610379424.6, 50.366338, 7.5735175, 359.4, 11.5, 9.9, 109.22, 12.1, 342.4, nan, 6.1218888836, nan
610379425.1, 50.3663643333333, 7.57350516666667, 359.4, 11.5, 9.6, 109.17, 12, 347.4, nan, 5.916111106, nan
610379425.6, 50.36639, 7.57349533333333, 359.4, 11.6, 9.9, 109.15, 12.2, 345.2, nan, 5.9675555504, nan
610379426.1, 50.3664176666667, 7.5734845, 359.4, 11.6, 9.8, 109.12, 12.1, 342.6, nan, 6.4819999944, nan
610379426.6, 50.3664441666667, 7.57347183333333, 359.4, 11.7, 10, 109.1, 12.2, 343.9, nan, 6.3276666612, nan
610379427.1, 50.3664718333333, 7.57345916666667, 359.4, 11.7, 9.9, 109.14, 12.1, 342.5, nan, 5.9675555504, nan
610379427.6, 50.3664976666667, 7.573446, 359.4, 11.8, 10.2, 109.16, 12.3, 342.5, nan, 6.1218888836, nan
610379428.1, 50.3665241666667, 7.57343316666667, 359.4, 11.8, 10.2, 109.23, 12.2, 345.7, nan, 6.0189999948, nan
610379428.6, 50.36655, 7.57341783333333, 359.4, 11.9, 10.4, 109.25, 12.4, 339.6, nan, 6.2762222168, nan
610379429.1, 50.3665768333333, 7.57340266666667, 359.4, 11.9, 10.3, 109.29, 12.3, 337.3, nan, 6.5848888832, nan
610379429.6, 50.3666033333333, 7.57338783333333, 359.4, 12, 10.6, 109.29, 12.4, 345.1, nan, 5.658888884, nan
610379430.1, 50.3666296666667, 7.57336883333333, 359.3, 11.9, 10.5, 109.33, 12.3, 336.7, nan, 6.4819999944, nan
610379430.6, 50.366654, 7.573351, 359.3, 12, 10.8, 109.29, 12.4, 337.7, nan, 6.0189999948, nan
610379431.1, 50.3666786666667, 7.573337, 359.3, 12, 10.7, 109.29, 12.3, 336.8, nan, 6.1218888836, nan
610379431.6, 50.3667031666667, 7.5733225, 359.3, 12.1, 10.9, 109.24, 12.4, 344.6, nan, 5.1958888844, nan
610379432.1, 50.3667291666667, 7.5733095, 359.3, 12, 10.5, 109.18, 12.3, 339.6, nan, 6.1218888836, nan
610379432.6, 50.3667538333333, 7.57329666666667, 359.4, 12.1, 10.8, 109.13, 12.4, 341.9, nan, 5.401666662, nan
610379433.1, 50.3667803333333, 7.57329016666667, 359.4, 11.9, 10.4, 108.81, 12.3, 342.2, nan, 5.5559999952, nan
610379433.6, 50.366802, 7.57328416666667, 359.5, 12.1, 10.7, 108.78, 12.4, 352.7, nan, 4.4756666628, nan
610379434.1, 50.3668251666667, 7.57328133333333, 359.5, 12, 10.4, 108.57, 12.3, 349.7, nan, 4.2698888852, nan
610379434.6, 50.3668428333333, 7.57327566666667, 359.5, 12.1, 10.6, 108.54, 12.5, 351.6, nan, 3.7039999968, nan
610379435.1, 50.3668593333333, 7.5732685, 359.5, 12, 10.3, 108.57, 12.3, 341.2, nan, 2.5207777756, nan
610379435.6, 50.3668698333333, 7.57326266666667, 359.6, 12.1, 10.6, 108.56, 12.4, 335.1, nan, 2.314999998, nan
610379436.1, 50.366879, 7.57324983333333, 359.6, 11.8, 10.4, 108.58, 12.1, 322.8, nan, 1.5947777764, nan
610379436.6, 50.3668805, 7.57324116666667, 359.6, 11.9, 10.6, 108.54, 12.2, 272.5, nan, 1.28611111, nan
610379437.1, 50.3668815, 7.57323, 359.6, 11.4, 9.8, 108.51, 12, 231.2, nan, 1.3375555544, nan
610379437.6, 50.366877, 7.573224, 359.7, 11.5, 9.9, 108.46, 12.1, 203.2, nan, 1.543333332, nan
610379438.1, 50.3668735, 7.57321933333333, 359.6, 11, 9.4, 108.57, 11.6, 188.5, nan, 1.4918888876, nan
610379438.6, 50.366866, 7.5732205, 359.7, 11.1, 9.5, 108.49, 11.7, 169.1, nan, 1.5947777764, nan
610379439.1, 50.3668611666667, 7.57322183333333, 359.6, 10.8, 8.9, 108.56, 11.4, 149.6, nan, 1.4404444432, nan
610379439.7, 50.3668518333333, 7.57322983333333, 359.7, 10.9, 9.1, 108.44, 11.5, 155, nan, 2.57222222, nan
610379440.2, 50.3668471666667, 7.57324083333333, 359.5, 9.9, 7.5, 108.7, 10.3, 151.6, nan, 3.3953333304, nan
610379440.6, 50.3668356666667, 7.57324916666667, 359.5, 9.9, 7.7, 108.63, 10.4, 153.5, nan, 3.7039999968, nan
610379441.2, 50.3668151666667, 7.57325716666667, 359.4, 9.5, 6.8, 108.57, 9.7, 155.4, nan, 4.0126666632, nan
610379441.7, 50.3667965, 7.57326883333333, 359.4, 9.6, 7.1, 108.49, 9.8, 157, nan, 4.5271111072, nan
610379442.2, 50.3667735, 7.57327683333333, 359.4, 9.4, 6.7, 108.49, 9.5, 165.5, nan, 5.1958888844, nan
610379442.7, 50.36675, 7.5732905, 359.4, 9.5, 7, 108.41, 9.6, 153.7, nan, 5.6074444396, nan
610379443.2, 50.3667256666667, 7.57330516666667, 359.4, 9.5, 7, 108.33, 9.6, 160.7, nan, 6.0189999948, nan
610379443.7, 50.3666988333333, 7.5733225, 359.4, 9.6, 7.3, 108.28, 9.7, 157, nan, 6.9964444384, nan
610379444.2, 50.366671, 7.57333716666667, 359.3, 9.6, 7.3, 108.28, 9.7, 156.9, nan, 7.0478888828, nan
610379444.7, 50.3666423333333, 7.57335683333333, 359.4, 9.8, 7.5, 108.23, 9.9, 159.8, nan, 7.0993333272, nan
610379445.2, 50.3666125, 7.57337483333333, 359.3, 9.7, 7.5, 108.23, 9.8, 154.7, nan, 7.4079999936, nan
610379445.7, 50.3665816666667, 7.57339433333333, 359.3, 9.9, 7.7, 108.19, 10, 161.8, nan, 6.944999994, nan
610379446.2, 50.3665523333333, 7.57341766666667, 359.3, 9.9, 7.7, 108.23, 9.9, 149, nan, 8.1282222152, nan
610379446.7, 50.3665238333333, 7.5734435, 359.3, 10, 7.9, 108.25, 10.1, 156.6, nan, 7.2536666604, nan
610379447.2, 50.3664955, 7.5734585, 359.3, 10, 7.8, 108.36, 10.1, 163.7, nan, 6.4819999944, nan
610379447.7, 50.3664673333333, 7.57347216666667, 359.3, 10.1, 8.1, 108.36, 10.2, 162.3, nan, 6.7392222164, nan
610379448.2, 50.3664378333333, 7.5734855, 359.3, 10.1, 8, 108.3, 10.2, 158.8, nan, 6.3791111056, nan
610379448.7, 50.3664105, 7.57350166666667, 359.3, 10.2, 8.2, 108.3, 10.4, 161.9, nan, 6.5848888832, nan
610379449.2, 50.3663801666667, 7.57351566666667, 359.3, 10.2, 8.1, 108.28, 10.3, 162.3, nan, 6.9964444384, nan
610379449.7, 50.3663528333333, 7.57354033333333, 359.3, 10.3, 8.3, 108.3, 10.5, 154.9, nan, 6.43055555, nan
610379450.2, 50.3663266666667, 7.57355283333333, 359.2, 10.3, 8.2, 108.32, 10.5, 160.2, nan, 5.4531111064, nan
610379450.7, 50.3663028333333, 7.57356366666667, 359.3, 10.4, 8.5, 108.37, 10.6, 165.7, nan, 5.8646666616, nan
610379451.2, 50.366276, 7.57356983333333, 359.2, 10.4, 8.3, 108.37, 10.6, 169.5, nan, 5.6074444396, nan
610379451.7, 50.3662606666667, 7.5735805, 359.3, 10.5, 8.6, 108.4, 10.7, 147.8, nan, 3.1381111084, nan
610379452.2, 50.3662491666667, 7.5735875, 359.3, 10.5, 8.6, 108.4, 10.6, 147.9, nan, 2.829444442, nan
610379452.7, 50.3662413333333, 7.573599, 359.3, 10.6, 8.8, 108.47, 10.8, 149.6, nan, 2.7265555532, nan
610379453.2, 50.3662285, 7.57360783333333, 359.3, 10.6, 8.8, 108.54, 10.7, 142.9, nan, 3.343888886, nan
610379453.7, 50.3662165, 7.57361716666667, 359.3, 10.8, 9.1, 108.64, 10.8, 160.5, nan, 2.7779999976, nan
610379454.2, 50.3662003333333, 7.57362233333333, 359.3, 10.7, 9.1, 108.67, 10.8, 171, nan, 4.0126666632, nan
610379454.7, 50.3661835, 7.57362766666667, 359.3, 10.9, 9.3, 108.76, 10.9, 163.1, nan, 3.7039999968, nan
610379455.2, 50.366164, 7.57363516666667, 359.3, 10.8, 9.2, 108.66, 10.8, 168.8, nan, 4.1669999964, nan
610379455.7, 50.3661448333333, 7.57363366666667, 359.3, 10.9, 9.4, 108.67, 10.9, 174.5, nan, 4.5271111072, nan
610379456.2, 50.3661216666667, 7.57364516666667, 359.3, 10.8, 9.2, 108.49, 10.7, 163.8, nan, 5.3502222176, nan
610379456.7, 50.3660981666667, 7.57365733333333, 359.3, 10.9, 9.4, 108.48, 10.9, 162.2, nan, 5.7617777728, nan
610379457.2, 50.3660705, 7.5736715, 359.2, 10.8, 9.2, 108.32, 10.7, 159.2, nan, 5.9675555504, nan
610379457.7, 50.3660445, 7.5736855, 359.3, 10.9, 9.4, 108.3, 10.8, 162.5, nan, 6.3791111056, nan
610379458.2, 50.3660158333333, 7.5736995, 359.2, 10.8, 9.2, 108.28, 10.7, 160.1, nan, 6.687777772, nan
610379458.7, 50.3659863333333, 7.573715, 359.2, 10.9, 9.4, 108.25, 10.8, 164.7, nan, 6.944999994, nan
610379459.2, 50.365955, 7.57373083333333, 90.8, 10.8, 9.1, 108.25, 10.7, 164.4, nan, 6.7392222164, nan
610379459.7, 50.365925, 7.5737455, 359.2, 10.9, 9.3, 108.21, 10.8, 161.5, nan, 7.459444438, nan
610379460.2, 50.3658938333333, 7.57375733333333, 90.8, 10.8, 9, 108.24, 10.7, 160.3, nan, 6.0189999948, nan
610379460.7, 50.3658695, 7.5737685, 90.8, 10.9, 9.2, 108.21, 10.8, 161.1, nan, 4.7328888848, nan
610379461.2, 50.3658481666667, 7.57377716666667, 90.8, 10.8, 8.9, 108.06, 10.6, 163.7, nan, 4.4756666628, nan
610379461.7, 50.3658296666667, 7.57378533333333, 90.8, 10.9, 9.1, 108.03, 10.7, 165.3, nan, 4.1669999964, nan
610379462.2, 50.3658081666667, 7.57379266666667, 90.8, 10.7, 8.7, 108.13, 10.5, 158.6, nan, 3.2409999972, nan
610379462.7, 50.3657955, 7.57380233333333, 90.8, 10.8, 8.8, 108.11, 10.6, 150.4, nan, 3.0352222196, nan
610379463.2, 50.365779, 7.5738135, 359.2, 10.5, 8.4, 108.03, 10.3, 145.4, nan, 3.0352222196, nan
610379463.7, 50.3657681666667, 7.57382533333333, 359.2, 10.6, 8.5, 108.01, 10.4, 139.3, nan, 2.4693333312, nan
610379464.2, 50.3657548333333, 7.57383833333333, 359.2, 10.4, 8.2, 108.12, 10.2, 136.7, nan, 2.4178888868, nan
610379464.7, 50.3657466666667, 7.5738495, 359.2, 10.5, 8.4, 108.1, 10.4, 137.5, nan, 2.2121111092, nan
610379465.2, 50.3657376666667, 7.5738575, 359.2, 10.4, 8.2, 108.02, 10.3, 159.9, nan, 1.543333332, nan
610379465.7, 50.3657313333333, 7.57386366666667, 359.3, 10.5, 8.4, 107.99, 10.4, 147.2, nan, 1.6976666652, nan
610379466.2, 50.3657235, 7.5738695, 359.3, 10.4, 8.1, 107.94, 10.3, 147.9, nan, 1.5947777764, nan
610379466.7, 50.3657173333333, 7.57387483333333, 359.3, 10.5, 8.3, 107.91, 10.5, 157.8, nan, 1.7491111096, nan
610379467.3, 50.3657053333333, 7.57387916666667, 359.3, 10.4, 8, 107.83, 10.4, 151.8, nan, 1.5947777764, nan
610379467.7, 50.3656996666667, 7.573883, 359.3, 10.5, 8.2, 107.8, 10.5, 156.3, nan, 1.6462222208, nan
610379468.3, 50.3656856666667, 7.5738975, 359.3, 9.9, 7.1, 108.09, 9.9, 136.7, nan, 1.9548888872, nan
610379468.8, 50.3656735, 7.5739055, 359.3, 9.2, 6.2, 108.49, 9.3, 156.1, nan, 2.0063333316, nan
610379469.3, 50.3656663333333, 7.57390816666667, 359.3, 9.4, 6.6, 108.46, 9.5, 185.3, nan, 1.1832222212, nan
610379469.8, 50.3656598333333, 7.57390583333333, 359.3, 9, 5.9, 108.45, 8.8, 183.2, nan, 1.9548888872, nan
610379470.3, 50.3656521666667, 7.57390483333333, 359.3, 9.1, 6.2, 108.42, 8.9, 183.4, nan, 1.28611111, nan
610379470.8, 50.3656386666667, 7.57390116666667, 359.3, 8.8, 5.6, 108.95, 8.4, 171.2, nan, 1.9034444428, nan
610379471.3, 50.3656303333333, 7.5739065, 359.3, 8.9, 5.9, 108.91, 8.5, 158.1, nan, 2.314999998, nan
610379471.8, 50.365612, 7.57391016666667, 359.3, 8.5, 5.3, 109.87, 8.1, 149.6, nan, 3.0352222196, nan
610379472.3, 50.3655993333333, 7.5739215, 359.3, 8.7, 5.7, 109.83, 8.3, 149.1, nan, 3.601111108, nan
610379472.8, 50.3655833333333, 7.5739285, 359.3, 8.3, 5.3, 110.61, 7.9, 158.8, nan, 2.6751111088, nan
610379473.3, 50.3655725, 7.57393633333333, 359.3, 8.5, 5.7, 110.55, 8.1, 152.7, nan, 2.4178888868, nan
610379473.8, 50.3655585, 7.57393966666667, 359.3, 8.1, 5.3, 111.42, 7.7, 161.9, nan, 2.6751111088, nan
610379474.3, 50.3655463333333, 7.57394633333333, 359.3, 8.2, 5.6, 111.36, 7.9, 169.2, nan, 3.086666664, nan
610379474.8, 50.3655326666667, 7.57394933333333, 359.3, 8, 5.4, 111.75, 7.6, 169.2, nan, 3.4982222192, nan
610379475.3, 50.3655165, 7.573953, 359.3, 8.1, 5.8, 111.7, 7.8, 171.3, nan, 3.9097777744, nan
610379475.8, 50.365499, 7.573954, 359.3, 7.8, 5.6, 111.96, 7.6, 175.3, nan, 4.1669999964, nan
610379476.3, 50.3654796666667, 7.57395733333333, 359.3, 8, 5.9, 111.9, 7.8, 173.2, nan, 4.4756666628, nan
610379476.8, 50.365461, 7.57396166666667, 359.3, 7.8, 5.8, 112.2, 7.6, 167.5, nan, 4.5271111072, nan
610379477.3, 50.3654396666667, 7.57396933333333, 359.3, 8, 6.1, 112.15, 7.8, 166, nan, 5.2987777732, nan
610379477.8, 50.365417, 7.57397883333333, 359.3, 8, 6.3, 112.21, 7.9, 159.7, nan, 5.3502222176, nan
610379478.3, 50.3653933333333, 7.57399283333333, 359.3, 8.1, 6.6, 112.18, 8.1, 157.7, nan, 5.8132222172, nan
610379478.8, 50.365369, 7.57400883333333, 359.4, 8.1, 6.8, 112.23, 8.1, 150.8, nan, 6.2762222168, nan
610379479.3, 50.3653428333333, 7.57402866666667, 359.4, 8.3, 7, 112.2, 8.3, 154.7, nan, 6.7392222164, nan
610379479.8, 50.3653158333333, 7.57404716666667, 359.4, 8.2, 7.1, 112.28, 8.3, 155.3, nan, 6.8935555496, nan
610379480.3, 50.3652871666667, 7.57406816666667, 359.4, 8.4, 7.4, 112.27, 8.5, 149.6, nan, 7.4079999936, nan
610379480.8, 50.3652583333333, 7.57408833333333, 359.4, 8.4, 7.4, 112.37, 8.5, 154.8, nan, 7.3565555492, nan
610379481.3, 50.3652288333333, 7.57411116666667, 359.4, 8.5, 7.6, 112.38, 8.6, 153.1, nan, 7.5108888824, nan
610379481.8, 50.3651978333333, 7.57413233333333, 359.4, 8.5, 7.5, 112.57, 8.7, 162.7, nan, 7.3565555492, nan
610379482.3, 50.365168, 7.5741535, 359.4, 8.6, 7.7, 112.6, 8.8, 158.2, nan, 6.8421111052, nan
610379482.8, 50.3651403333333, 7.5741735, 359.4, 8.6, 7.6, 112.7, 8.8, 156.9, nan, 6.7392222164, nan
610379483.3, 50.3651118333333, 7.5741945, 359.5, 8.7, 7.8, 112.7, 9, 154.2, nan, 7.2536666604, nan
610379483.8, 50.3650848333333, 7.57421216666667, 359.4, 8.6, 7.5, 112.75, 8.9, 157.8, nan, 6.5334444388, nan
610379484.3, 50.3650578333333, 7.57423066666667, 359.4, 8.8, 7.7, 112.75, 9.1, 156.5, nan, 6.5334444388, nan
610379484.8, 50.3650335, 7.57424733333333, 359.4, 8.6, 7.3, 112.85, 8.9, 158.2, nan, 6.2762222168, nan
610379485.3, 50.3650075, 7.57426383333333, 359.4, 8.8, 7.5, 112.84, 9.1, 157.6, nan, 6.0189999948, nan
610379485.8, 50.3649835, 7.5742795, 359.4, 8.6, 7.3, 112.92, 9, 156, nan, 6.2247777724, nan
610379486.3, 50.3649586666667, 7.57429616666667, 359.4, 8.8, 7.5, 112.91, 9.1, 160.5, nan, 6.0704444392, nan
610379486.8, 50.3649355, 7.574311, 359.4, 8.6, 7.3, 112.97, 9, 157.8, nan, 5.7617777728, nan
610379487.3, 50.3649121666667, 7.5743275, 359.4, 8.7, 7.5, 112.96, 9.1, 153.4, nan, 5.4531111064, nan
610379487.8, 50.3648905, 7.574343, 359.4, 8.6, 7.2, 113.01, 9, 156, nan, 5.658888884, nan
610379488.4, 50.3648616666667, 7.57436133333333, 359.4, 8.8, 7.5, 113.02, 9.1, 162.1, nan, 6.173333328, nan
610379488.8, 50.3648406666667, 7.57437283333333, 359.4, 8.7, 7.3, 112.96, 9, 162.5, nan, 6.173333328, nan
610379489.4, 50.364808, 7.5743945, 359.4, 8.8, 7.5, 112.95, 9.2, 158.6, nan, 6.687777772, nan
610379489.9, 50.3647793333333, 7.57441166666667, 359.4, 8.8, 7.4, 112.85, 9.1, 161.8, nan, 6.6363333276, nan
610379490.4, 50.3647511666667, 7.57442983333333, 359.4, 8.9, 7.6, 112.8, 9.3, 156.1, nan, 6.687777772, nan
610379490.9, 50.3647246666667, 7.57444866666667, 359.3, 8.8, 7.4, 112.7, 9, 156.8, nan, 5.7103333284, nan
610379491.4, 50.3647026666667, 7.57446416666667, 359.3, 9, 7.5, 112.66, 9.2, 153.5, nan, 4.9386666624, nan
610379491.9, 50.3646845, 7.5744775, 359.3, 8.8, 7.2, 112.57, 8.9, 159.8, nan, 3.8068888856, nan
610379492.4, 50.3646698333333, 7.57448783333333, 359.3, 9, 7.4, 112.53, 9, 147.7, nan, 3.2409999972, nan
610379492.9, 50.3646576666667, 7.574504, 359.2, 8.8, 7.1, 112.33, 8.7, 151.6, nan, 3.1381111084, nan
610379493.4, 50.3646453333333, 7.57451466666667, 359.2, 9, 7.3, 112.29, 8.9, 148.4, nan, 2.829444442, nan
610379493.9, 50.364634, 7.57452766666667, 359.2, 8.8, 7, 112.14, 8.7, 154.5, nan, 2.57222222, nan
610379494.4, 50.3646243333333, 7.57453816666667, 359.2, 8.9, 7.2, 112.12, 8.8, 132.5, nan, 2.6236666644, nan
610379494.9, 50.3646171666667, 7.57455383333333, 359.2, 8.8, 6.9, 111.91, 8.6, 132.8, nan, 2.314999998, nan
610379495.4, 50.3646118333333, 7.57456583333333, 359.2, 8.9, 7, 111.87, 8.7, 119.3, nan, 1.1317777768, nan
610379495.9, 50.364611, 7.57458466666667, 359.2, 8.7, 6.8, 111.71, 8.6, 97.7, nan, 2.2635555536, nan
610379496.4, 50.3646113333333, 7.574601, 359.2, 8.9, 7, 111.64, 8.7, 85.7, nan, 2.3664444424, nan
610379496.9, 50.3646155, 7.57462383333333, 359.3, 8.7, 6.8, 111.51, 8.6, 63.3, nan, 3.5496666636, nan
610379497.4, 50.364622, 7.57464566666667, 359.3, 8.9, 7.1, 111.45, 8.8, 63.9, nan, 3.6525555524, nan
610379497.9, 50.3646296666667, 7.574679, 359.3, 8.3, 6.7, 111.49, 8.2, 68.2, nan, 3.4982222192, nan
610379498.4, 50.3646371666667, 7.57470616666667, 359.3, 8.4, 7, 111.44, 8.4, 65.9, nan, 4.2184444408, nan
610379498.9, 50.3646463333333, 7.57474066666667, 359.3, 8, 6.8, 111.58, 7.9, 70.1, nan, 4.9386666624, nan
610379499.4, 50.364654, 7.5747735, 359.3, 8.1, 7.1, 111.52, 8.1, 69.8, nan, 5.401666662, nan
610379499.9, 50.364662, 7.57481, 359.3, 8.1, 7.3, 111.54, 8.1, 70.7, nan, 5.2473333288, nan
610379500.4, 50.364669, 7.57484666666667, 359.3, 8.2, 7.6, 111.49, 8.3, 73.3, nan, 5.3502222176, nan
610379500.9, 50.3646761666667, 7.574882, 359.3, 8.3, 7.7, 111.46, 8.3, 81.6, nan, 5.5559999952, nan
610379501.4, 50.3646831666667, 7.57491633333333, 359.3, 8.4, 7.9, 111.4, 8.5, 66.1, nan, 4.5271111072, nan
610379501.9, 50.3646913333333, 7.57494466666667, 90.8, 8.5, 8.1, 111.37, 8.5, 69.9, nan, 4.2184444408, nan
610379502.4, 50.3646983333333, 7.5749695, 90.7, 8.6, 8.4, 111.28, 8.7, 62.8, nan, 3.4467777748, nan
610379502.9, 50.3647065, 7.574988, 90.5, 8.8, 8.5, 111.17, 8.8, 51.7, nan, 2.7779999976, nan
610379503.4, 50.3647136666667, 7.57499716666667, 90.4, 8.9, 8.7, 110.99, 9.1, 14.8, nan, 1.6462222208, nan
610379503.9, 50.3647136666667, 7.57498716666667, 90.7, 8.7, 8.4, 110.74, 9, 348, nan, 1.1832222212, nan
610379504.4, 50.3647206666667, 7.5749845, 90.7, 8.9, 8.6, 110.44, 9.2, 359.9, nan, 2.6751111088, nan
610379504.9, 50.3647313333333, 7.57498166666667, 359.3, 8.7, 8.4, 110.15, 9.1, 344.2, nan, 1.4918888876, nan
610379505.4, 50.3647388333333, 7.5749815, 359.3, 8.9, 8.6, 109.87, 9.3, 3, nan, 2.6236666644, nan
610379505.9, 50.3647363333333, 7.5749675, 359.5, 8.7, 8.3, 109.56, 9.2, 324.6, nan, 1.2346666656, nan
